ID,betingelse,item,svar,svartid,maksimalafvigelser
11,1,1,1,3.20,0.86188
11,1,5,1,1.66,-0.17924
11,1,9,1,1.78,1.14227
11,1,13,1,1.54,0.31765
11,2,3,1,2.80,0.07716
11,2,7,1,2.44,0.68571
11,2,11,1,2.16,0.18342
11,2,15,0,1.86,0.58946
11,3,4,0,3.08,1.11481
11,3,8,1,3.26,0.12652
11,3,12,1,1.68,-0.11435
11,3,16,0,5.10,-0.09279
11,4,2,1,6.04,0.68693
11,4,6,1,2.04,-0.09544
11,4,10,1,2.70,-0.65479
11,4,14,1,6.04,-0.44472
11,5,17,0,2.85,-0.14398
11,5,21,0,1.66,0.24499
11,5,25,0,3.80,-0.31050
11,5,29,0,1.74,0.65046
11,6,19,1,2.24,-0.07772
11,6,23,1,2.16,0.45180
11,6,27,0,3.94,0.85938
11,6,31,0,1.76,-0.03232
11,7,20,1,3.22,0.40772
11,7,24,0,3.56,0.03606
11,7,28,0,2.09,-0.34607
11,7,32,0,2.89,0.87264
11,8,18,1,1.77,1.23311
11,8,22,0,1.56,-0.13665
11,8,26,0,1.70,0.85498
11,8,30,1,2.42,0.21113
12,1,2,1,3.26,1.09064
12,1,6,1,3.09,0.24428
12,1,10,1,2.21,-0.08517
12,1,14,1,2.07,-0.06809
12,2,4,0,2.39,-0.14062
12,2,8,0,3.21,0.08251
12,2,12,0,3.70,0.14673
12,2,16,1,2.43,1.00856
12,3,1,1,2.31,-0.10523
12,3,5,1,1.57,-0.05026
12,3,9,1,2.81,0.06714
12,3,13,1,1.81,0.43768
12,4,3,1,3.22,-0.07444
12,4,7,0,2.74,0.21942
12,4,11,0,3.07,0.08006
12,4,15,0,2.05,-0.04702
12,5,18,0,1.77,0.03843
12,5,22,0,2.43,0.13307
12,5,26,0,1.95,-0.18147
12,5,30,1,4.89,0.97052
12,6,20,0,2.35,0.04324
12,6,24,1,2.62,0.11702
12,6,28,1,2.39,-0.18029
12,6,32,1,2.37,0.18700
12,7,17,0,2.36,0.06133
12,7,21,0,1.94,0.64197
12,7,25,0,2.41,0.04036
12,7,29,0,1.77,0.05528
12,8,19,1,2.25,-0.08040
12,8,23,1,1.88,-0.08228
12,8,27,0,2.73,-0.07789
12,8,31,0,3.07,-0.06106
13,1,3,1,3.06,0.26218
13,1,7,0,2.52,-0.11729
13,1,11,1,2.39,0.96971
13,1,15,0,3.08,0.67882
13,2,1,0,3.02,0.54914
13,2,5,0,3.91,0.12695
13,2,9,1,1.86,0.07938
13,2,13,0,2.82,1.06288
13,3,2,0,2.45,0.91684
13,3,6,0,4.73,1.23819
13,3,10,1,2.26,0.42643
13,3,14,1,2.94,0.98932
13,4,4,1,3.70,0.99880
13,4,8,0,3.18,1.07485
13,4,12,0,2.58,0.97796
13,4,16,0,2.16,0.99815
13,5,19,0,2.58,0.75780
13,5,23,0,3.65,0.98099
13,5,27,0,3.04,-0.05386
13,5,31,1,3.22,1.01889
13,6,17,0,2.50,0.22716
13,6,21,1,2.60,0.94631
13,6,25,0,2.28,0.48881
13,6,29,0,2.28,0.16373
13,7,18,1,2.56,1.19856
13,7,22,1,2.80,0.16644
13,7,26,1,3.30,0.66705
13,7,30,0,1.68,0.06969
13,8,20,0,2.84,0.29463
13,8,24,0,3.95,1.03905
13,8,28,0,2.76,1.12787
13,8,32,0,2.72,0.44242
14,1,4,1,4.31,1.07349
14,1,8,1,1.51,0.49103
14,1,12,1,5.44,1.09572
14,1,16,1,1.99,-0.15315
14,2,2,0,2.81,-0.19849
14,2,6,1,2.25,1.03871
14,2,10,0,2.44,0.22023
14,2,14,1,1.54,0.27674
14,3,3,1,1.51,0.17583
14,3,7,1,2.50,1.14853
14,3,11,1,2.36,1.03302
14,3,15,0,1.57,0.09698
14,4,1,0,3.63,1.00834
14,4,5,0,1.56,0.20063
14,4,9,0,3.31,1.03686
14,4,13,0,2.56,0.10923
14,5,20,0,3.04,1.00820
14,5,24,0,1.80,0.08454
14,5,28,0,2.37,1.05583
14,5,32,1,2.31,1.01543
14,6,18,1,1.63,0.72008
14,6,22,1,1.92,-0.03923
14,6,26,1,1.57,0.28750
14,6,30,1,5.30,1.02010
14,7,19,1,1.74,0.12196
14,7,23,0,3.04,1.06596
14,7,27,0,1.39,-0.16047
14,7,31,0,1.62,0.20127
14,8,17,1,1.84,0.18708
14,8,21,0,3.60,0.11958
14,8,25,1,3.73,0.04130
14,8,29,0,1.69,0.86368
21,1,1,1,3.23,1.14763
21,1,5,1,2.24,-0.47521
21,1,9,1,3.39,1.15828
21,1,13,1,2.74,0.37232
21,2,3,0,2.67,0.87770
21,2,7,1,2.24,0.53753
21,2,11,0,3.61,1.12437
21,2,15,0,2.62,0.28633
21,3,4,1,2.22,0.26062
21,3,8,1,3.97,0.85274
21,3,12,1,2.62,-0.19829
21,3,16,1,2.60,0.71053
21,4,2,1,2.54,-0.15840
21,4,6,1,2.46,0.16788
21,4,10,0,2.16,-0.47948
21,4,14,0,3.75,0.70862
21,5,17,1,2.56,-0.17418
21,5,21,0,2.96,0.45434
21,5,25,0,4.77,1.57041
21,5,29,0,2.20,0.42546
21,6,19,1,2.67,0.20498
21,6,23,1,2.28,0.57863
21,6,27,1,1.94,-0.06467
21,6,31,0,1.74,-0.35235
21,7,20,1,2.04,0.17287
21,7,24,1,2.54,0.16119
21,7,28,1,2.08,0.15797
21,7,32,1,3.56,0.53736
21,8,18,0,2.28,0.54539
21,8,22,0,2.58,1.01515
21,8,26,0,2.10,1.10079
21,8,30,0,2.21,0.25199
22,1,2,1,2.39,0.36113
22,1,6,1,3.82,0.93809
22,1,10,1,3.65,1.19389
22,1,14,1,2.65,1.11180
22,2,4,0,1.62,0.09933
22,2,8,0,3.90,0.61376
22,2,12,0,1.99,0.51366
22,2,16,0,4.27,1.02531
22,3,1,0,3.40,0.58019
22,3,5,1,3.72,1.06352
22,3,9,1,2.72,0.89398
22,3,13,1,2.99,0.33424
22,4,3,0,4.05,0.99705
22,4,7,0,8.05,0.83964
22,4,11,0,2.00,-0.12050
22,4,15,0,2.64,1.07996
22,5,18,1,3.84,0.20638
22,5,22,0,3.61,1.15299
22,5,26,1,5.73,1.05058
22,5,30,0,2.81,0.26066
22,6,20,1,5.68,1.16385
22,6,24,0,3.42,0.83644
22,6,28,0,4.52,1.04008
22,6,32,1,5.75,1.14695
22,7,17,0,3.07,0.80456
22,7,21,0,2.30,0.96412
22,7,25,0,3.98,0.47552
22,7,29,0,5.70,0.22919
22,8,19,0,2.62,0.36876
22,8,23,0,2.82,0.54596
22,8,27,0,2.68,0.72868
22,8,31,0,2.21,0.24445
23,1,3,1,2.37,0.89818
23,1,7,1,1.99,1.04428
23,1,11,1,4.94,-0.13798
23,1,15,1,3.13,1.01768
23,2,1,0,1.47,0.13752
23,2,5,0,3.14,0.77780
23,2,9,1,2.31,0.86016
23,2,13,1,1.91,0.90775
23,3,2,0,2.39,0.63227
23,3,6,1,3.77,0.12846
23,3,10,1,2.81,0.39532
23,3,14,1,2.94,1.10558
23,4,4,0,3.34,1.09309
23,4,8,0,3.55,1.15840
23,4,12,0,3.09,0.57657
23,4,16,0,2.33,0.92964
23,5,19,0,3.43,0.31990
23,5,23,0,2.71,0.37992
23,5,27,0,2.05,1.05420
23,5,31,0,2.98,0.39369
23,6,17,1,1.92,0.23160
23,6,21,1,4.80,1.08417
23,6,25,1,1.68,0.31096
23,6,29,1,5.13,0.97365
23,7,18,0,1.51,0.35780
23,7,22,0,4.13,1.04155
23,7,26,1,3.70,1.00168
23,7,30,0,1.51,0.89934
23,8,20,0,1.96,0.93068
23,8,24,0,4.31,0.43383
23,8,28,1,4.01,1.06858
23,8,32,0,1.87,0.39558
24,1,4,1,5.59,1.23300
24,1,8,1,3.33,1.15098
24,1,12,1,2.49,1.00727
24,1,16,1,2.46,0.91058
24,2,2,0,1.98,0.90493
24,2,6,1,2.80,1.11161
24,2,10,1,2.75,0.56213
24,2,14,1,1.57,1.02139
24,3,3,0,2.18,0.34551
24,3,7,1,1.34,-0.08986
24,3,11,0,2.18,0.27759
24,3,15,1,1.49,0.21707
24,4,1,0,1.91,0.24005
24,4,5,0,2.43,0.19657
24,4,9,0,2.30,0.76718
24,4,13,0,2.15,0.32920
24,5,20,0,1.79,0.30978
24,5,24,0,2.35,0.19384
24,5,28,0,2.38,0.13307
24,5,32,1,2.72,1.02384
24,6,18,1,1.43,0.17651
24,6,22,0,1.94,0.46779
24,6,26,1,1.57,0.06154
24,6,30,1,1.41,0.14374
24,7,19,1,1.66,0.48682
24,7,23,0,2.09,0.73066
24,7,27,0,3.05,1.13396
24,7,31,0,2.79,0.29024
24,8,17,0,2.19,0.32082
24,8,21,0,1.71,-0.06810
24,8,25,0,2.47,0.86031
24,8,29,1,2.87,1.01204
31,1,1,1,2.94,0.59961
31,1,5,1,1.21,0.10888
31,1,9,1,1.35,0.27507
31,1,13,0,4.16,0.98260
31,2,3,0,2.59,1.03878
31,2,7,0,4.01,0.83823
31,2,11,0,2.58,0.23354
31,2,15,0,2.02,0.90400
31,3,4,1,4.42,0.95267
31,3,8,1,3.02,1.06389
31,3,12,1,1.66,0.92253
31,3,16,1,2.32,-0.02626
31,4,2,0,2.62,0.70452
31,4,6,1,1.75,1.11418
31,4,10,0,3.94,1.05506
31,4,14,0,3.91,0.97571
31,5,17,1,1.95,0.51151
31,5,21,0,2.98,0.90214
31,5,25,0,1.61,0.26134
31,5,29,0,2.07,0.86781
31,6,19,1,3.84,0.28457
31,6,23,1,1.23,0.21416
31,6,27,1,3.09,0.96964
31,6,31,1,2.41,0.82632
31,7,20,1,3.76,0.95972
31,7,24,0,2.70,0.64653
31,7,28,0,1.73,0.02804
31,7,32,0,3.85,1.05061
31,8,18,0,1.37,0.69036
31,8,22,0,4.01,0.25506
31,8,26,0,2.91,0.22166
31,8,30,1,3.17,0.72770
32,1,2,1,2.88,0.02464
32,1,6,1,3.41,0.99509
32,1,10,1,1.79,-0.30866
32,1,14,1,1.53,0.67647
32,2,4,0,1.78,0.09962
32,2,8,0,1.32,0.04858
32,2,12,0,1.81,0.93888
32,2,16,1,3.69,0.97457
32,3,1,1,2.27,0.50197
32,3,5,0,3.79,1.02142
32,3,9,0,4.58,1.06015
32,3,13,1,1.69,1.02799
32,4,3,0,4.36,1.02448
32,4,7,0,1.68,-0.07840
32,4,11,1,2.54,0.15665
32,4,15,0,3.96,0.94810
32,5,18,0,1.69,-0.18398
32,5,22,0,1.75,1.04208
32,5,26,0,1.88,0.84995
32,5,30,0,2.03,0.48583
32,6,20,1,1.60,0.72569
32,6,24,1,2.30,0.33745
32,6,28,1,1.75,-0.18151
32,6,32,1,1.66,0.26153
32,7,17,0,4.35,0.91604
32,7,21,0,3.81,1.07388
32,7,25,0,1.71,0.91477
32,7,29,0,3.19,0.78554
32,8,19,0,2.73,0.60645
32,8,23,0,2.12,0.04769
32,8,27,0,4.35,0.88501
32,8,31,0,4.74,0.48206
33,1,3,1,1.90,0.02165
33,1,7,1,2.52,0.06260
33,1,11,1,4.92,0.63128
33,1,15,1,1.90,0.04073
33,2,1,1,1.90,0.09171
33,2,5,1,1.62,0.05830
33,2,9,0,6.64,1.07081
33,2,13,0,2.67,0.15890
33,3,2,1,6.26,0.86576
33,3,6,1,3.46,0.02218
33,3,10,1,2.42,0.09886
33,3,14,1,1.82,0.04346
33,4,4,0,2.64,0.07611
33,4,8,0,7.42,0.13511
33,4,12,0,2.18,0.05350
33,4,16,1,6.11,0.06312
33,5,19,0,1.88,0.17429
33,5,23,0,2.90,0.03096
33,5,27,0,2.92,0.08071
33,5,31,0,2.32,0.23036
33,6,17,1,3.61,-0.14627
33,6,21,1,5.58,0.85341
33,6,25,0,5.64,0.92021
33,6,29,1,1.72,-0.19359
33,7,18,0,1.92,-0.12016
33,7,22,1,1.79,-0.16093
33,7,26,0,2.06,0.09889
33,7,30,0,2.72,0.14673
33,8,20,0,4.97,-0.03117
33,8,24,0,3.01,0.17463
33,8,28,0,7.17,0.99458
33,8,32,0,6.77,0.82972
34,1,4,1,3.82,-0.36905
34,1,8,1,1.89,0.75037
34,1,12,1,2.74,-0.31417
34,1,16,1,1.65,0.66001
34,2,2,0,1.58,0.82492
34,2,6,1,2.17,0.99186
34,2,10,1,3.32,1.07103
34,2,14,1,1.87,-0.17072
34,3,3,1,2.24,0.90683
34,3,7,1,3.85,1.09193
34,3,11,1,2.67,1.00825
34,3,15,1,2.23,-0.13490
34,4,1,0,1.49,-0.57949
34,4,5,0,1.62,1.02359
34,4,9,0,2.43,0.89035
34,4,13,0,1.46,-0.26523
34,5,20,1,2.39,0.85600
34,5,24,1,2.01,0.95461
34,5,28,0,1.79,0.95443
34,5,32,0,2.10,-0.33798
34,6,18,1,1.87,1.05230
34,6,22,1,1.75,0.48902
34,6,26,1,2.18,0.86095
34,6,30,1,1.96,-0.40401
34,7,19,1,3.14,-0.30368
34,7,23,0,3.54,-0.37014
34,7,27,0,2.06,0.73062
34,7,31,0,1.77,-0.40156
34,8,17,0,1.59,-0.35671
34,8,21,1,3.70,1.04029
34,8,25,0,2.16,0.95416
34,8,29,1,3.55,1.09119
41,1,1,1,2.21,0.48549
41,1,5,0,4.79,0.20217
41,1,9,1,3.00,0.15276
41,1,13,1,1.75,0.46267
41,2,3,0,5.97,1.00128
41,2,7,0,4.58,0.77338
41,2,11,1,4.36,0.85476
41,2,15,0,2.27,0.41818
41,3,4,0,3.24,0.08684
41,3,8,1,3.64,0.95621
41,3,12,1,2.12,0.53449
41,3,16,1,1.96,-0.17682
41,4,2,0,1.90,0.64779
41,4,6,1,1.98,0.15341
41,4,10,1,4.26,0.55577
41,4,14,1,2.56,-0.26793
41,5,17,0,3.23,-0.17293
41,5,21,0,3.89,0.08490
41,5,25,0,2.68,0.07307
41,5,29,0,2.08,1.13800
41,6,19,1,3.14,0.98975
41,6,23,1,1.81,0.12170
41,6,27,1,2.34,-0.14023
41,6,31,1,2.99,-0.20027
41,7,20,1,2.00,1.02216
41,7,24,0,3.28,0.97188
41,7,28,0,1.94,-0.14762
41,7,32,0,4.60,0.13195
41,8,18,0,4.74,1.08765
41,8,22,0,3.45,-0.11143
41,8,26,1,4.64,0.77773
41,8,30,0,5.14,0.18924
42,1,2,1,1.75,-0.05290
42,1,6,1,1.53,0.54500
42,1,10,1,2.29,-0.04303
42,1,14,1,1.63,-0.11610
42,2,4,0,1.44,0.06430
42,2,8,0,1.84,-0.04342
42,2,12,0,2.24,1.26783
42,2,16,1,1.96,-0.05152
42,3,1,1,2.06,0.53827
42,3,5,0,2.18,1.05600
42,3,9,1,1.86,0.92244
42,3,13,0,2.53,-0.09633
42,4,3,0,4.45,1.19274
42,4,7,0,3.18,0.67014
42,4,11,0,2.52,-0.10702
42,4,15,0,1.50,0.08373
42,5,18,1,2.62,0.11024
42,5,22,0,2.26,-0.06477
42,5,26,0,1.83,1.08639
42,5,30,1,2.99,0.42924
42,6,20,0,1.72,0.02272
42,6,24,1,3.98,0.17954
42,6,28,0,3.62,0.97460
42,6,32,1,1.51,1.02294
42,7,17,0,3.39,-0.03284
42,7,21,1,3.76,1.26036
42,7,25,0,3.62,-0.05569
42,7,29,0,2.32,-0.12043
42,8,19,0,2.64,0.06655
42,8,23,1,1.46,-0.01912
42,8,27,0,1.92,0.14526
42,8,31,0,6.04,-0.10056
43,1,3,1,2.32,-0.01529
43,1,7,1,3.07,0.78160
43,1,11,0,2.07,0.65575
43,1,15,0,3.24,0.12082
43,2,1,1,2.34,0.58147
43,2,5,0,2.18,0.52869
43,2,9,1,2.96,0.65690
43,2,13,0,1.44,-0.15701
43,3,2,1,4.01,0.99611
43,3,6,1,3.43,0.19949
43,3,10,1,3.92,0.97698
43,3,14,1,3.45,0.41034
43,4,4,0,2.34,-0.07400
43,4,8,0,2.70,0.43246
43,4,12,0,2.40,0.03921
43,4,16,0,2.08,0.90025
43,5,19,0,2.36,0.13833
43,5,23,1,5.32,1.05052
43,5,27,0,1.98,0.39176
43,5,31,0,4.50,1.12261
43,6,17,1,1.97,-0.09321
43,6,21,0,1.92,1.11561
43,6,25,0,4.38,1.07196
43,6,29,1,3.56,-0.05016
43,7,18,0,1.70,-0.14565
43,7,22,0,2.44,0.23203
43,7,26,1,2.60,0.12011
43,7,30,1,3.15,1.16729
43,8,20,0,3.70,0.85853
43,8,24,1,2.40,1.11609
43,8,28,0,2.18,0.77825
43,8,32,0,3.04,0.98377
44,1,4,0,5.15,0.20894
44,1,8,0,3.05,-0.06901
44,1,12,0,3.35,0.50040
44,1,16,1,3.07,0.27162
44,2,2,1,4.43,-0.13475
44,2,6,1,3.53,1.20666
44,2,10,0,2.61,0.06527
44,2,14,0,3.64,0.34237
44,3,3,1,3.37,1.07247
44,3,7,1,2.82,1.00603
44,3,11,1,3.81,1.09125
44,3,15,1,2.51,0.02861
44,4,1,0,2.40,1.09726
44,4,5,0,2.82,0.10282
44,4,9,1,2.77,-0.08408
44,4,13,1,2.86,1.04266
44,5,20,1,3.23,1.07304
44,5,24,0,3.37,-0.24220
44,5,28,0,3.31,1.07231
44,5,32,0,3.43,0.08794
44,6,18,0,3.03,1.07662
44,6,22,0,2.79,1.17938
44,6,26,1,3.38,0.29041
44,6,30,1,2.41,1.02665
44,7,19,1,3.20,1.19999
44,7,23,0,6.57,1.18493
44,7,27,0,2.91,1.12683
44,7,31,1,3.19,-0.14370
44,8,17,1,2.19,0.35012
44,8,21,0,2.27,0.23203
44,8,25,0,2.33,1.09679
44,8,29,1,2.89,0.13152
51,1,1,0,4.25,0.07175
51,1,5,1,3.83,0.13182
51,1,9,0,5.04,0.32181
51,1,13,1,2.04,0.24380
51,2,3,1,5.44,0.12572
51,2,7,1,4.10,0.24558
51,2,11,1,3.47,0.05944
51,2,15,1,2.60,0.18894
51,3,4,0,5.99,1.09500
51,3,8,0,2.21,0.26030
51,3,12,1,2.01,-0.10824
51,3,16,0,2.50,0.12807
51,4,2,1,1.60,0.55410
51,4,6,1,3.86,-0.02964
51,4,10,0,4.83,0.98403
51,4,14,1,2.73,0.08022
51,5,17,0,5.48,0.30553
51,5,21,1,4.94,0.06444
51,5,25,0,4.29,-0.08934
51,5,29,0,7.55,0.99075
51,6,19,1,4.53,0.16476
51,6,23,1,5.31,0.05349
51,6,27,0,2.31,-0.09977
51,6,31,0,5.46,0.14453
51,7,20,1,5.53,0.38129
51,7,24,1,2.85,0.15372
51,7,28,1,4.63,0.19118
51,7,32,0,4.11,0.22377
51,8,18,1,3.35,-0.07246
51,8,22,1,1.57,0.03076
51,8,26,1,2.03,0.05577
51,8,30,1,1.90,0.29629
52,1,2,1,2.05,0.34632
52,1,6,1,2.35,0.23703
52,1,10,1,2.71,0.98039
52,1,14,1,2.03,0.15096
52,2,4,0,2.57,1.03061
52,2,8,0,2.59,0.79547
52,2,12,0,2.97,1.27660
52,2,16,0,2.99,0.89343
52,3,1,1,2.37,1.09903
52,3,5,0,3.39,0.99617
52,3,9,1,2.70,-0.04529
52,3,13,1,2.45,-0.12518
52,4,3,1,3.45,0.40540
52,4,7,1,2.73,1.18937
52,4,11,1,2.82,1.05624
52,4,15,0,2.25,0.96835
52,5,18,0,2.17,0.22315
52,5,22,0,2.33,0.94682
52,5,26,1,3.05,1.10375
52,5,30,0,1.81,0.24096
52,6,20,1,2.27,0.03811
52,6,24,1,1.96,-0.18757
52,6,28,1,2.00,1.06751
52,6,32,0,3.99,1.08354
52,7,17,1,2.68,1.25766
52,7,21,1,3.24,1.13536
52,7,25,1,2.58,0.98143
52,7,29,0,1.55,-0.07177
52,8,19,1,2.65,0.58533
52,8,23,0,2.02,-0.15548
52,8,27,0,3.68,1.12467
52,8,31,0,3.94,1.05265
53,1,3,1,1.71,0.92080
53,1,7,1,1.74,0.64465
53,1,11,1,1.89,-0.08364
53,1,15,1,1.92,-0.12934
53,2,1,1,2.21,1.06791
53,2,5,1,3.46,-0.02588
53,2,9,0,1.76,0.41600
53,2,13,0,1.64,0.03336
53,3,2,1,2.26,0.08002
53,3,6,1,6.05,0.16001
53,3,10,1,1.83,0.77472
53,3,14,1,3.17,0.66215
53,4,4,0,3.12,0.08597
53,4,8,0,5.38,0.25520
53,4,12,0,1.83,-0.23922
53,4,16,0,1.74,0.33487
53,5,19,1,1.68,0.39191
53,5,23,1,2.02,0.62454
53,5,27,1,1.41,0.11335
53,5,31,0,1.66,0.08483
53,6,17,1,6.13,0.25298
53,6,21,1,2.72,-0.13015
53,6,25,0,na,na
53,6,29,0,2.95,0.58324
53,7,22,0,5.54,-0.19156
53,7,26,0,1.84,0.78222
53,7,18,0,na,na
53,7,30,1,8.95,0.24897
53,8,20,1,2.18,0.34074
53,8,24,0,4.76,0.07787
53,8,28,1,8.71,0.21579
53,8,32,1,2.44,0.05044
54,1,4,1,1.90,0.29629
54,1,8,0,4.39,0.08977
54,1,12,1,3.92,-0.08730
54,1,16,1,4.94,0.06444
54,2,2,0,5.48,0.30553
54,2,6,1,2.95,0.16584
54,2,10,1,5.44,0.12572
54,2,14,0,2.21,0.26030
54,3,3,1,2.27,0.07879
54,3,7,1,2.60,0.18894
54,3,11,1,2.73,0.08022
54,3,15,1,2.01,-0.10824
54,4,1,0,4.29,-0.08934
54,4,5,0,2.31,-0.09977
54,4,9,0,4.25,0.07175
54,4,13,0,3.09,0.21149
54,5,20,1,2.45,0.15531
54,5,24,1,3.47,0.05944
54,5,28,1,4.85,0.13659
54,5,32,1,4.10,0.24558
54,6,18,1,1.89,0.21818
54,6,22,1,5.50,0.18134
54,6,26,0,5.04,0.32181
54,6,30,1,5.53,0.38129
54,7,19,0,4.41,1.02844
54,7,23,1,4.53,0.16476
54,7,27,0,3.67,0.17241
54,7,31,1,2.85,0.15372
54,8,17,0,3.05,-0.07938
54,8,21,1,3.86,-0.02964
54,8,25,0,5.46,0.14453
54,8,29,0,4.12,0.34824
61,1,1,1,1.67,0.50120
61,1,5,0,2.16,0.87075
61,1,9,0,2.91,-0.10455
61,1,13,0,1.83,-0.13225
61,2,3,1,1.81,-0.15108
61,2,7,1,5.13,1.06321
61,2,11,1,2.19,1.09168
61,2,15,1,1.99,-0.26439
61,3,4,1,1.98,0.37807
61,3,8,0,3.29,-0.25153
61,3,12,1,3.51,-0.05231
61,3,16,1,1.59,0.88206
61,4,2,0,1.79,0.91577
61,4,6,0,2.17,-0.11289
61,4,10,0,1.91,-0.12735
61,4,14,1,1.87,0.83052
61,5,17,0,1.69,-0.09904
61,5,21,1,1.91,-0.22271
61,5,25,0,1.71,0.13794
61,5,29,1,1.53,0.03763
61,6,19,0,3.13,0.13259
61,6,23,1,1.50,0.36130
61,6,27,0,1.91,1.13312
61,6,31,1,1.53,0.26596
61,7,20,1,2.59,-0.34508
61,7,24,1,2.95,1.14589
61,7,28,1,2.56,-0.14571
61,7,32,1,1.97,0.30188
61,8,18,0,2.35,1.05915
61,8,22,1,1.51,0.19859
61,8,26,1,3.17,0.14758
61,8,30,1,2.21,0.73712
62,1,2,1,2.18,0.19551
62,1,6,1,3.89,0.87841
62,1,10,1,2.76,-0.24669
62,1,14,1,2.32,1.06257
62,2,4,0,2.50,0.31432
62,2,8,0,3.70,0.50989
62,2,12,0,1.88,-0.04242
62,2,16,0,2.60,0.10881
62,3,1,1,2.24,0.91080
62,3,5,1,4.22,-0.14575
62,3,9,1,3.96,0.78101
62,3,13,1,2.34,-0.03487
62,4,3,1,6.29,1.07461
62,4,7,0,1.96,0.18739
62,4,11,0,4.35,1.21448
62,4,15,0,2.68,-0.14274
62,5,18,0,2.94,-0.21230
62,5,22,1,4.85,1.06774
62,5,26,0,2.70,0.05083
62,5,30,0,4.83,1.04091
62,6,20,1,2.00,0.89504
62,6,24,0,4.62,0.94844
62,6,28,1,3.53,0.80084
62,6,32,1,2.21,0.49703
62,7,17,0,2.65,0.04465
62,7,21,0,2.96,0.75481
62,7,25,0,2.41,0.86113
62,7,29,0,4.13,1.17720
62,8,19,1,2.80,0.19900
62,8,23,1,2.69,-0.13833
62,8,27,1,4.92,1.05408
62,8,31,0,3.10,0.07595
63,1,3,0,3.88,0.65747
63,1,7,1,4.97,0.97038
63,1,11,0,7.81,0.28279
63,1,15,1,6.71,0.47098
63,2,1,1,5.28,1.26153
63,2,5,0,5.90,0.24596
63,2,9,1,7.58,1.26519
63,2,13,1,3.06,0.58133
63,3,2,1,2.24,1.41833
63,3,6,0,5.40,0.91301
63,3,10,1,2.16,0.44826
63,3,14,1,2.12,-0.12818
63,4,4,0,8.32,1.09592
63,4,8,0,5.00,0.59169
63,4,12,0,1.87,0.62024
63,4,16,1,5.20,0.76290
63,5,19,1,4.34,1.07337
63,5,23,1,3.00,0.39816
63,5,27,0,2.96,0.35510
63,5,31,1,3.26,0.63062
63,6,17,1,3.34,0.24099
63,6,21,1,3.58,-0.39568
63,6,25,1,3.66,0.68206
63,6,29,1,3.50,0.57095
63,7,18,1,3.92,0.59610
63,7,22,0,6.46,0.63668
63,7,26,0,3.96,1.26884
63,7,30,1,6.03,0.80548
63,8,20,0,7.57,1.24863
63,8,24,0,3.60,0.06280
63,8,28,0,7.28,0.96859
63,8,32,1,5.30,1.24581
64,1,4,0,4.20,0.06422
64,1,8,1,3.12,0.10817
64,1,12,0,2.45,0.05821
64,1,16,0,1.68,0.86380
64,2,2,1,1.78,-0.04585
64,2,6,1,3.96,1.13944
64,2,10,1,3.95,0.12766
64,2,14,0,1.71,0.14853
64,3,3,1,4.91,0.16326
64,3,7,0,3.82,0.53554
64,3,11,1,3.32,-0.07624
64,3,15,1,3.68,0.04673
64,4,1,0,4.72,0.62967
64,4,5,0,2.00,-0.12309
64,4,9,0,4.54,1.01087
64,4,13,0,2.21,0.07611
64,5,20,1,3.50,0.07809
64,5,24,0,2.42,0.02816
64,5,28,0,3.26,0.10561
64,5,32,1,3.37,0.15074
64,6,18,1,4.32,0.82218
64,6,22,0,4.20,0.41766
64,6,26,0,4.96,0.92681
64,6,30,1,4.62,0.18587
64,7,19,0,1.90,0.07959
64,7,23,0,5.34,0.76227
64,7,27,0,2.65,0.05218
64,7,31,0,2.02,0.05078
64,8,17,0,3.24,0.22219
64,8,21,1,5.85,0.95227
64,8,25,0,3.20,-0.09741
64,8,29,1,2.58,-0.11817
71,1,1,1,2.56,0.40968
71,1,5,1,4.81,1.01139
71,1,9,0,2.06,0.51897
71,1,13,1,2.20,-0.07274
71,2,3,1,2.01,-0.06539
71,2,7,1,2.94,-0.09346
71,2,11,1,2.58,0.76469
71,2,15,1,2.16,-0.30776
71,3,4,1,3.65,0.69599
71,3,8,0,7.80,-0.07583
71,3,12,0,4.21,0.27620
71,3,16,1,6.46,0.62444
71,4,2,1,4.97,0.93458
71,4,6,0,2.74,0.69043
71,4,10,0,6.10,1.03323
71,4,14,1,5.48,0.83466
71,5,17,1,7.07,1.18325
71,5,21,0,5.16,1.12883
71,5,25,0,2.26,0.33023
71,5,29,1,1.74,-0.12826
71,6,19,0,2.40,0.63210
71,6,23,1,2.67,-0.08292
71,6,27,0,5.58,0.27221
71,6,31,1,6.70,1.06567
71,7,20,0,5.19,0.41495
71,7,24,0,6.33,1.12158
71,7,28,0,2.70,0.82293
71,7,32,1,5.06,0.43443
71,8,18,0,3.24,-0.30897
71,8,22,1,1.95,0.41156
71,8,26,1,4.05,1.14506
71,8,30,0,2.56,0.13195
72,1,2,1,2.58,-0.25814
72,1,6,1,2.36,0.34770
72,1,10,1,4.55,0.40804
72,1,14,1,1.74,-0.20293
72,2,4,0,2.19,-0.19313
72,2,8,0,3.13,0.18842
72,2,12,0,3.00,1.02163
72,2,16,0,2.22,0.53055
72,3,1,0,2.16,-0.17658
72,3,5,0,2.79,0.25283
72,3,9,0,3.79,1.19342
72,3,13,1,2.98,0.06545
72,4,3,1,2.73,0.42559
72,4,7,0,3.02,0.22707
72,4,11,0,2.00,0.33477
72,4,15,1,2.24,0.09057
72,5,18,0,1.85,0.22062
72,5,22,1,1.82,0.22738
72,5,26,0,3.88,1.14315
72,5,30,0,2.28,-0.12449
72,6,20,1,3.40,0.22529
72,6,24,0,1.57,-0.08558
72,6,28,1,1.95,0.61705
72,6,32,1,1.78,-0.23312
72,7,17,0,2.12,-0.19158
72,7,21,0,4.92,0.97631
72,7,25,1,4.41,0.29730
72,7,29,0,3.38,0.20634
72,8,19,0,3.33,0.29070
72,8,23,0,4.00,0.78492
72,8,27,0,1.98,0.21604
72,8,31,0,3.35,0.22000
73,1,3,1,5.38,0.94793
73,1,7,1,5.67,1.06803
73,1,11,1,4.88,0.47753
73,1,15,1,3.80,1.06471
73,2,1,0,2.06,0.48205
73,2,5,0,5.02,0.34146
73,2,9,0,3.16,0.81754
73,2,13,0,1.42,0.15644
73,3,2,1,1.42,-0.11366
73,3,6,1,3.62,0.37671
73,3,10,1,1.70,0.53955
73,3,14,1,1.41,0.52467
73,4,4,1,1.42,0.36493
73,4,8,0,4.71,0.74669
73,4,12,1,3.96,0.12517
73,4,16,0,1.94,0.48986
73,5,19,0,2.05,0.53636
73,5,23,1,4.81,0.99694
73,5,27,0,1.46,0.20666
73,5,31,0,2.22,0.39053
73,6,17,1,3.92,-0.34350
73,6,21,1,2.50,-0.18723
73,6,25,1,1.44,0.53415
73,6,29,1,5.03,0.45257
73,7,18,0,5.51,-0.40734
73,7,22,1,4.32,0.27466
73,7,26,1,1.70,0.79098
73,7,30,0,5.34,1.07386
73,8,20,0,1.40,-0.15901
73,8,24,0,1.89,0.42395
73,8,28,0,2.08,-0.38830
73,8,32,1,3.42,-0.20681
74,1,4,1,3.45,1.02166
74,1,8,0,3.85,-0.06441
74,1,12,1,2.73,-0.06679
74,1,16,1,2.81,0.86677
74,2,2,1,3.56,0.89677
74,2,6,1,2.81,-0.14737
74,2,10,1,2.47,0.17230
74,2,14,0,2.25,0.09760
74,3,3,1,2.64,0.34155
74,3,7,1,2.36,0.17471
74,3,11,1,3.63,0.36429
74,3,15,0,3.17,-0.13948
74,4,1,0,2.45,-0.08900
74,4,5,1,2.43,0.15113
74,4,9,0,2.42,-0.18101
74,4,13,1,2.45,0.26187
74,5,20,0,4.19,0.28240
74,5,24,0,3.07,-0.05379
74,5,28,1,2.44,0.07772
74,5,32,0,2.47,-0.12865
74,6,18,1,3.28,0.07666
74,6,22,1,2.51,0.89947
74,6,26,1,1.74,0.10087
74,6,30,1,2.26,-0.06092
74,7,19,1,3.20,-0.15591
74,7,23,0,1.91,-0.08138
74,7,27,1,3.29,0.93071
74,7,31,0,2.06,0.58297
74,8,17,0,2.64,0.90653
74,8,21,1,1.98,0.65386
74,8,25,1,4.45,1.07779
74,8,29,0,3.32,0.08624
81,1,1,1,2.01,0.47191
81,1,5,0,1.86,0.10745
81,1,9,0,5.10,0.46214
81,1,13,1,4.16,1.00770
81,2,3,1,1.88,0.04287
81,2,7,0,4.63,0.20060
81,2,11,1,3.23,0.31828
81,2,15,1,2.88,0.07922
81,3,4,1,5.24,0.41625
81,3,8,0,5.74,0.43868
81,3,12,0,2.18,-0.17365
81,3,16,1,2.22,0.20137
81,4,2,0,1.84,0.18524
81,4,6,0,3.77,-0.10425
81,4,10,0,2.04,0.16667
81,4,14,1,1.98,0.64955
81,5,17,1,1.89,0.07005
81,5,21,0,4.46,0.30950
81,5,25,0,3.84,0.36558
81,5,29,0,4.46,0.82857
81,6,19,1,4.88,0.31216
81,6,23,0,3.12,0.17037
81,6,27,0,1.78,0.14468
81,6,31,1,5.10,0.38552
81,7,20,0,2.74,0.25046
81,7,24,1,4.44,1.04193
81,7,28,1,1.96,0.07377
81,7,32,1,2.29,0.32492
81,8,18,0,2.54,-0.12156
81,8,22,1,1.92,0.27406
81,8,26,1,3.26,0.27540
81,8,30,1,3.21,0.26659
82,1,2,1,1.96,0.02387
82,1,6,1,1.84,0.31962
82,1,10,1,6.00,0.38178
82,1,14,1,3.31,0.38578
82,2,4,1,1.77,-0.09509
82,2,8,0,2.52,0.50205
82,2,12,0,3.36,0.02127
82,2,16,1,6.15,0.83405
82,3,1,1,2.18,0.41326
82,3,5,1,4.86,-0.07876
82,3,9,1,1.84,-0.05075
82,3,13,1,2.22,0.27655
82,4,7,0,3.02,0.73377
82,4,11,0,2.08,0.07839
82,4,3,0,na,na
82,4,15,0,1.84,0.87500
82,5,18,0,2.18,0.36056
82,5,22,0,1.81,0.22266
82,5,26,0,2.14,-0.04967
82,5,30,1,6.76,0.94597
82,6,20,1,3.98,0.06954
82,6,24,0,4.22,0.20022
82,6,28,1,2.24,0.65598
82,6,32,1,1.84,-0.04233
82,7,17,0,7.70,0.06900
82,7,21,0,2.58,0.74218
82,7,25,0,3.18,0.67545
82,7,29,1,1.77,0.24701
82,8,19,1,8.97,0.84847
82,8,23,0,2.17,0.31541
82,8,27,0,1.72,-0.19027
82,8,31,0,2.12,0.31877
83,1,3,1,1.41,-0.62557
83,1,7,1,3.26,0.73112
83,1,11,1,3.16,0.15456
83,1,15,1,4.30,0.14222
83,2,1,1,1.72,0.62455
83,2,5,1,3.14,0.05016
83,2,9,0,1.90,-0.12429
83,2,13,1,1.78,0.03087
83,3,2,1,4.46,-0.04589
83,3,6,1,2.67,0.52439
83,3,10,1,2.08,-0.08541
83,3,14,1,7.90,0.25601
83,4,4,1,6.52,-0.16717
83,4,8,1,4.20,-0.10507
83,4,12,1,3.58,0.31213
83,4,16,1,4.00,0.04082
83,5,19,1,3.18,-0.07314
83,5,23,0,4.94,1.09258
83,5,27,0,2.78,0.11699
83,5,31,0,2.12,-0.05397
83,6,17,1,2.73,0.33214
83,6,21,1,1.80,0.05062
83,6,25,1,3.14,-0.02020
83,6,29,0,2.80,0.75993
83,7,18,1,4.66,-0.08829
83,7,22,0,2.96,-0.16440
83,7,26,0,na,na
83,7,30,0,4.06,0.37901
83,8,20,0,1.54,0.22692
83,8,24,1,3.14,0.13300
83,8,28,0,4.28,0.89941
83,8,32,0,1.94,0.07677
11,Filler_1,33,0,1.88,-0.09829
12,Filler_1,33,1,1.59,-0.21496
13,Filler_1,33,1,2.02,0.07639
14,Filler_1,33,1,1.68,0.62121
21,Filler_1,33,1,2.28,0.24453
22,Filler_1,33,1,1.70,0.88610
23,Filler_1,33,1,3.80,1.03386
24,Filler_1,33,1,2.61,0.72033
31,Filler_1,33,1,3.52,0.14029
32,Filler_1,33,1,2.15,0.99147
33,Filler_1,33,0,4.81,0.64508
34,Filler_1,33,1,1.47,-0.24622
41,Filler_1,33,0,5.23,0.20710
42,Filler_1,33,1,5.17,1.12165
43,Filler_1,33,0,1.76,-0.06886
44,Filler_1,33,1,2.45,0.90082
51,Filler_1,33,0,4.41,1.02844
52,Filler_1,33,0,2.01,0.19827
53,Filler_1,33,0,3.34,-0.03637
54,Filler_1,33,0,5.19,1.04307
61,Filler_1,33,1,2.13,0.99096
62,Filler_1,33,0,1.64,0.01460
63,Filler_1,33,0,6.31,0.97364
64,Filler_1,33,0,3.29,-0.02779
71,Filler_1,33,1,4.42,1.16580
72,Filler_1,33,1,2.25,0.16561
73,Filler_1,33,1,1.56,0.42823
74,Filler_1,33,0,1.61,0.07097
81,Filler_1,33,1,1.84,0.46242
82,Filler_1,33,1,2.05,0.17818
83,Filler_1,33,1,5.07,1.00659
11,Filler_1,34,0,3.19,0.17204
12,Filler_1,34,0,1.83,-0.07264
13,Filler_1,34,1,2.34,0.92331
14,Filler_1,34,1,1.89,0.36795
21,Filler_1,34,1,2.23,0.28100
22,Filler_1,34,1,2.25,0.38759
23,Filler_1,34,1,2.23,-0.38267
24,Filler_1,34,0,3.15,0.20804
31,Filler_1,34,1,3.23,1.07364
32,Filler_1,34,1,2.31,0.96331
33,Filler_1,34,0,4.75,1.20087
34,Filler_1,34,1,3.48,1.17841
41,Filler_1,34,1,4.20,0.35281
42,Filler_1,34,1,1.71,0.06251
43,Filler_1,34,1,2.43,0.59883
44,Filler_1,34,1,3.79,1.02964
51,Filler_1,34,1,2.03,0.30681
52,Filler_1,34,1,2.25,0.25875
53,Filler_1,34,1,1.52,0.11374
54,Filler_1,34,0,8.78,-0.07313
61,Filler_1,34,0,3.15,-0.05382
62,Filler_1,34,0,3.70,1.25022
63,Filler_1,34,1,4.75,0.76185
64,Filler_1,34,1,3.10,0.16314
71,Filler_1,34,1,3.51,0.66951
72,Filler_1,34,0,4.16,1.15040
73,Filler_1,34,1,6.64,0.92000
74,Filler_1,34,0,2.35,-0.18398
81,Filler_1,34,1,4.75,0.13512
82,Filler_1,34,1,4.94,0.33914
83,Filler_1,34,1,5.68,0.57298
11,Filler_1,35,0,3.74,0.76649
12,Filler_1,35,1,1.71,-0.07000
13,Filler_1,35,1,3.18,1.01491
14,Filler_1,35,1,1.56,-0.03048
21,Filler_1,35,0,2.34,0.47010
22,Filler_1,35,1,5.67,0.75431
23,Filler_1,35,0,2.87,0.21483
24,Filler_1,35,0,2.33,0.52020
31,Filler_1,35,1,5.51,1.07494
32,Filler_1,35,1,1.49,0.59527
33,Filler_1,35,1,3.10,0.12832
34,Filler_1,35,0,2.09,0.94165
41,Filler_1,35,1,4.17,0.88063
42,Filler_1,35,1,1.47,-0.21501
43,Filler_1,35,1,3.18,0.42356
44,Filler_1,35,0,1.70,0.32880
51,Filler_1,35,1,3.92,-0.08730
52,Filler_1,35,0,1.76,0.14149
53,Filler_1,35,1,3.17,-0.23792
54,Filler_1,35,0,4.83,0.98403
61,Filler_1,35,1,2.53,1.09893
62,Filler_1,35,0,1.84,0.08025
63,Filler_1,35,1,2.10,0.09365
64,Filler_1,35,1,2.45,0.34088
71,Filler_1,35,1,1.80,-0.10848
72,Filler_1,35,1,4.34,1.17609
73,Filler_1,35,1,1.65,1.01062
74,Filler_1,35,0,2.72,0.03062
81,Filler_1,35,1,2.12,0.09626
82,Filler_1,35,1,1.68,0.06372
83,Filler_1,35,1,1.30,0.33367
11,Filler_1,36,1,3.74,-0.11675
12,Filler_1,36,1,2.04,0.09444
13,Filler_1,36,0,3.22,0.28620
14,Filler_1,36,1,3.12,1.05255
21,Filler_1,36,1,2.38,1.09456
22,Filler_1,36,1,3.32,0.23234
23,Filler_1,36,1,3.34,0.81020
24,Filler_1,36,1,1.89,0.06430
31,Filler_1,36,1,1.87,0.33670
32,Filler_1,36,1,1.49,0.60695
33,Filler_1,36,1,3.22,0.06221
34,Filler_1,36,1,1.90,0.56287
41,Filler_1,36,1,1.80,0.05303
42,Filler_1,36,1,1.45,-0.06251
43,Filler_1,36,1,1.83,0.57273
44,Filler_1,36,1,2.83,0.13097
51,Filler_1,36,1,2.24,0.14413
52,Filler_1,36,1,3.37,1.12922
53,Filler_1,36,1,1.91,1.16314
54,Filler_1,36,1,2.85,-0.10541
61,Filler_1,36,1,1.71,0.47473
62,Filler_1,36,1,2.12,-0.02248
63,Filler_1,36,1,3.29,0.45370
64,Filler_1,36,1,2.11,0.02889
71,Filler_1,36,1,1.78,0.19508
72,Filler_1,36,1,1.94,0.26682
73,Filler_1,36,1,1.20,0.33076
74,Filler_1,36,1,2.51,-0.03648
81,Filler_1,36,1,1.94,0.83163
82,Filler_1,36,1,1.91,0.07550
83,Filler_1,36,0,2.56,0.65940
11,Filler_1,37,0,1.78,0.79171
12,Filler_1,37,1,1.87,0.12198
13,Filler_1,37,1,2.44,0.24084
14,Filler_1,37,1,3.09,0.14640
21,Filler_1,37,1,2.12,-0.30135
22,Filler_1,37,1,2.35,0.06544
23,Filler_1,37,1,2.45,0.80841
24,Filler_1,37,1,1.80,0.51032
31,Filler_1,37,0,6.18,0.92621
32,Filler_1,37,1,1.77,0.80900
33,Filler_1,37,1,2.80,0.23282
34,Filler_1,37,1,2.40,0.37111
41,Filler_1,37,1,2.33,0.17926
42,Filler_1,37,1,1.81,1.07435
43,Filler_1,37,1,1.66,-0.27878
44,Filler_1,37,1,3.33,1.08564
51,Filler_1,37,0,2.85,0.13531
52,Filler_1,37,0,2.23,0.90711
53,Filler_1,37,1,1.65,0.87471
54,Filler_1,37,1,4.87,-0.05743
61,Filler_1,37,1,2.05,0.33701
62,Filler_1,37,1,2.04,0.14718
63,Filler_1,37,1,4.68,1.09258
64,Filler_1,37,0,3.70,0.08698
71,Filler_1,37,1,2.00,0.29529
72,Filler_1,37,1,1.87,-0.24235
73,Filler_1,37,1,1.52,0.86867
74,Filler_1,37,1,2.20,0.09804
81,Filler_1,37,1,4.94,1.00890
82,Filler_1,37,1,1.74,-0.09749
83,Filler_1,37,1,4.30,0.21258
11,Filler_1,38,0,4.84,-0.05028
12,Filler_1,38,1,2.68,0.12072
13,Filler_1,38,1,2.40,0.48746
14,Filler_1,38,1,2.15,1.11087
21,Filler_1,38,1,2.70,0.20658
22,Filler_1,38,1,3.23,0.55310
23,Filler_1,38,1,2.69,0.37376
24,Filler_1,38,1,2.26,0.27614
31,Filler_1,38,1,1.65,0.40554
32,Filler_1,38,1,2.16,1.15786
33,Filler_1,38,0,1.68,0.03998
34,Filler_1,38,1,1.85,-0.49420
41,Filler_1,38,1,1.94,0.36371
42,Filler_1,38,1,1.35,0.05051
43,Filler_1,38,1,1.85,0.47028
44,Filler_1,38,0,2.71,1.15750
51,Filler_1,38,1,4.43,0.13043
52,Filler_1,38,1,2.64,1.03516
53,Filler_1,38,1,4.20,0.40276
54,Filler_1,38,0,2.85,0.13531
61,Filler_1,38,0,5.29,1.26477
62,Filler_1,38,1,3.17,-0.23884
63,Filler_1,38,1,4.50,0.72951
64,Filler_1,38,0,3.11,0.14177
71,Filler_1,38,0,1.94,-0.08674
72,Filler_1,38,1,1.92,0.23629
73,Filler_1,38,1,3.09,0.64799
74,Filler_1,38,1,2.59,0.85377
81,Filler_1,38,0,2.12,0.95680
82,Filler_1,38,0,3.06,0.07790
83,Filler_1,38,0,1.60,0.16323
11,Filler_1,39,0,4.10,0.86383
12,Filler_1,39,1,2.09,0.26094
13,Filler_1,39,0,2.30,1.13391
14,Filler_1,39,1,1.56,-0.09709
21,Filler_1,39,1,2.62,1.25564
22,Filler_1,39,1,2.55,0.86135
23,Filler_1,39,1,1.69,0.38579
24,Filler_1,39,1,1.89,0.94169
31,Filler_1,39,0,2.25,0.96783
32,Filler_1,39,1,2.60,0.27728
33,Filler_1,39,1,6.43,0.19335
34,Filler_1,39,1,3.97,1.37291
41,Filler_1,39,1,3.25,0.27008
42,Filler_1,39,1,1.82,-0.06487
43,Filler_1,39,1,1.72,0.12856
44,Filler_1,39,1,3.75,1.17838
51,Filler_1,39,1,2.17,0.95732
52,Filler_1,39,1,1.79,0.37272
53,Filler_1,39,1,2.04,0.77775
54,Filler_1,39,1,2.03,0.05577
61,Filler_1,39,0,2.27,1.15018
62,Filler_1,39,0,3.00,-0.02574
63,Filler_1,39,1,3.64,1.21793
64,Filler_1,39,0,2.80,1.95518
71,Filler_1,39,0,1.88,0.03645
72,Filler_1,39,0,3.95,0.14676
73,Filler_1,39,1,1.34,0.05576
74,Filler_1,39,1,1.49,0.03509
81,Filler_1,39,0,2.26,1.05814
82,Filler_1,39,1,1.76,0.06136
83,Filler_1,39,1,2.76,0.28173
11,Filler_1,40,0,3.54,0.91460
12,Filler_1,40,1,2.27,0.10755
13,Filler_1,40,1,3.17,0.53356
14,Filler_1,40,1,1.91,1.11516
21,Filler_1,40,1,1.68,0.35581
22,Filler_1,40,1,2.22,0.85721
23,Filler_1,40,1,3.79,1.00848
24,Filler_1,40,1,2.41,0.07393
31,Filler_1,40,1,1.76,1.03566
32,Filler_1,40,1,1.72,0.94552
33,Filler_1,40,1,1.83,0.45631
34,Filler_1,40,1,2.64,-0.17991
41,Filler_1,40,1,2.86,0.07910
42,Filler_1,40,1,2.03,-0.10958
43,Filler_1,40,1,1.96,0.74397
44,Filler_1,40,0,3.31,0.22576
51,Filler_1,40,1,5.85,0.12958
52,Filler_1,40,0,1.59,0.08819
53,Filler_1,40,1,1.96,1.04995
54,Filler_1,40,1,2.17,0.95732
61,Filler_1,40,1,1.92,0.21070
62,Filler_1,40,1,2.30,0.04394
63,Filler_1,40,1,3.41,0.90493
64,Filler_1,40,1,1.70,0.23781
71,Filler_1,40,0,3.64,0.68506
72,Filler_1,40,0,3.45,1.12269
73,Filler_1,40,1,3.95,0.57379
74,Filler_1,40,0,4.30,0.92132
81,Filler_1,40,0,2.82,0.29890
82,Filler_1,40,1,1.75,-0.03069
83,Filler_1,40,0,3.09,0.32237
11,Filler_1,41,1,3.88,0.93080
12,Filler_1,41,1,1.95,0.13657
13,Filler_1,41,1,2.96,0.10722
14,Filler_1,41,0,3.54,0.08227
21,Filler_1,41,1,2.42,-0.23379
22,Filler_1,41,1,2.92,0.92026
23,Filler_1,41,1,1.62,0.44319
24,Filler_1,41,1,3.35,1.27264
31,Filler_1,41,1,1.84,0.69940
32,Filler_1,41,1,1.55,0.38695
33,Filler_1,41,1,4.62,0.09584
34,Filler_1,41,0,3.48,1.14674
41,Filler_1,41,1,1.72,0.27891
42,Filler_1,41,1,1.53,0.13612
43,Filler_1,41,1,1.74,0.46372
44,Filler_1,41,0,2.34,1.07068
51,Filler_1,41,1,2.51,0.25109
52,Filler_1,41,0,1.65,0.37493
53,Filler_1,41,1,5.34,-0.02533
54,Filler_1,41,1,3.35,-0.07246
61,Filler_1,41,0,2.01,0.98047
62,Filler_1,41,0,2.34,1.10986
63,Filler_1,41,1,4.69,0.55111
64,Filler_1,41,1,1.97,0.05980
71,Filler_1,41,0,2.38,0.23225
72,Filler_1,41,0,2.40,0.28111
73,Filler_1,41,0,9.24,0.53859
74,Filler_1,41,1,2.09,-0.09569
81,Filler_1,41,0,3.82,0.48907
82,Filler_1,41,1,1.48,-0.10296
83,Filler_1,41,1,2.40,0.20341
11,Filler_1,42,1,3.48,-0.12008
12,Filler_1,42,0,1.76,0.02793
13,Filler_1,42,0,2.11,0.21571
14,Filler_1,42,0,3.59,0.91407
21,Filler_1,42,0,2.81,0.11331
22,Filler_1,42,0,2.92,1.16396
23,Filler_1,42,0,1.90,0.89705
24,Filler_1,42,0,2.48,0.88453
31,Filler_1,42,0,1.75,1.15572
32,Filler_1,42,1,2.70,0.06777
33,Filler_1,42,0,2.14,0.07548
34,Filler_1,42,0,5.03,0.80255
41,Filler_1,42,0,2.38,0.54341
42,Filler_1,42,0,1.68,0.08442
43,Filler_1,42,0,2.50,0.26849
44,Filler_1,42,0,2.39,0.31180
51,Filler_1,42,1,2.09,-0.10958
52,Filler_1,42,0,2.31,1.05815
53,Filler_1,42,0,1.61,-0.08228
54,Filler_1,42,0,3.45,0.99441
61,Filler_1,42,0,1.67,-0.12584
62,Filler_1,42,0,2.02,0.69073
63,Filler_1,42,0,2.01,1.07362
64,Filler_1,42,0,3.10,0.12980
71,Filler_1,42,0,2.08,0.50843
72,Filler_1,42,0,2.92,0.24225
73,Filler_1,42,0,1.58,0.10221
74,Filler_1,42,0,1.70,-0.11445
81,Filler_1,42,0,3.25,0.13261
82,Filler_1,42,0,2.23,0.61307
83,Filler_1,42,0,1.89,0.09603
11,Filler_1,43,1,4.28,0.93746
12,Filler_1,43,1,2.25,0.13645
13,Filler_1,43,0,2.46,0.18699
14,Filler_1,43,1,3.54,0.07710
21,Filler_1,43,1,2.22,0.60746
22,Filler_1,43,0,3.44,0.34286
23,Filler_1,43,1,1.85,0.94808
24,Filler_1,43,1,1.53,0.70301
31,Filler_1,43,1,2.03,-0.11492
32,Filler_1,43,1,1.31,-0.19426
33,Filler_1,43,1,3.59,0.09828
34,Filler_1,43,1,3.13,0.87350
41,Filler_1,43,1,2.27,-0.18854
42,Filler_1,43,1,2.27,0.11213
43,Filler_1,43,1,1.60,0.38962
44,Filler_1,43,1,2.96,1.26011
51,Filler_1,43,1,2.67,0.10190
52,Filler_1,43,1,3.44,1.09919
53,Filler_1,43,1,1.53,0.10725
54,Filler_1,43,1,2.09,-0.10958
61,Filler_1,43,0,2.67,0.85206
62,Filler_1,43,1,2.70,-0.12584
63,Filler_1,43,1,2.36,0.07592
64,Filler_1,43,1,3.42,0.10595
71,Filler_1,43,0,2.14,0.17653
72,Filler_1,43,1,2.76,0.26216
73,Filler_1,43,1,1.46,0.17254
74,Filler_1,43,0,1.93,0.77516
81,Filler_1,43,1,4.77,1.18298
82,Filler_1,43,1,4.64,0.88381
83,Filler_1,43,1,3.44,-0.23513
11,Filler_1,44,1,3.44,-0.20862
12,Filler_1,44,1,1.63,0.02279
13,Filler_1,44,1,2.57,0.54398
14,Filler_1,44,1,1.41,0.19721
21,Filler_1,44,1,2.67,0.31818
22,Filler_1,44,1,1.78,0.16650
23,Filler_1,44,1,5.27,0.64486
24,Filler_1,44,1,1.95,0.18710
31,Filler_1,44,1,3.67,0.80360
32,Filler_1,44,1,1.35,0.63199
33,Filler_1,44,1,4.71,0.09811
34,Filler_1,44,1,2.42,-0.14103
41,Filler_1,44,1,3.90,0.28410
42,Filler_1,44,1,1.48,-0.08596
43,Filler_1,44,1,1.77,0.49892
44,Filler_1,44,1,2.25,0.36231
51,Filler_1,44,1,2.45,0.15531
52,Filler_1,44,0,1.79,0.27521
53,Filler_1,44,1,1.92,0.07443
54,Filler_1,44,1,4.05,0.14758
61,Filler_1,44,0,2.75,1.12273
62,Filler_1,44,1,1.60,0.05105
63,Filler_1,44,1,4.38,0.86165
64,Filler_1,44,0,2.78,-0.01825
71,Filler_1,44,0,2.18,0.04866
72,Filler_1,44,1,4.14,1.20079
73,Filler_1,44,1,1.56,0.34053
74,Filler_1,44,1,2.38,0.81551
81,Filler_1,44,0,4.83,0.85793
82,Filler_1,44,1,1.88,-0.08436
83,Filler_1,44,1,9.02,0.98410
11,Filler_2,45,1,1.80,0.10077
12,Filler_2,45,1,1.59,0.18650
13,Filler_2,45,1,1.84,0.19854
14,Filler_2,45,1,3.52,0.99607
21,Filler_2,45,1,2.96,0.42666
22,Filler_2,45,1,4.62,0.77790
23,Filler_2,45,1,2.85,0.35821
24,Filler_2,45,1,1.99,0.18628
31,Filler_2,45,1,2.45,1.05180
32,Filler_2,45,1,1.88,0.09652
33,Filler_2,45,1,3.23,0.22660
34,Filler_2,45,1,1.73,-0.44024
41,Filler_2,45,1,1.90,0.90869
42,Filler_2,45,1,1.91,0.92967
43,Filler_2,45,1,1.73,0.23767
44,Filler_2,45,1,3.33,1.00565
51,Filler_2,45,0,5.19,1.04307
52,Filler_2,45,1,4.27,1.16178
53,Filler_2,45,1,1.01,0.12688
54,Filler_2,45,1,6.35,0.13850
61,Filler_2,45,1,2.95,0.97578
62,Filler_2,45,0,2.57,-0.06557
63,Filler_2,45,1,1.90,0.31024
64,Filler_2,45,1,1.72,-0.02172
71,Filler_2,45,0,2.79,0.59792
72,Filler_2,45,1,2.05,-0.10363
73,Filler_2,45,1,3.46,0.80443
74,Filler_2,45,1,1.32,-0.14697
81,Filler_2,45,0,3.46,0.13770
82,Filler_2,45,1,1.84,-0.08451
83,Filler_2,45,0,1.60,-0.06739
11,Filler_2,46,1,2.54,0.14533
12,Filler_2,46,1,1.76,-0.07618
13,Filler_2,46,1,3.32,1.01996
14,Filler_2,46,1,3.79,1.04829
21,Filler_2,46,1,2.50,0.31961
22,Filler_2,46,1,2.53,0.87005
23,Filler_2,46,1,3.47,0.54994
24,Filler_2,46,1,1.81,1.17003
31,Filler_2,46,1,2.08,1.09480
32,Filler_2,46,0,3.53,1.05145
33,Filler_2,46,1,6.81,0.92314
34,Filler_2,46,1,2.59,0.92818
41,Filler_2,46,1,1.90,0.68818
42,Filler_2,46,1,1.74,0.07342
43,Filler_2,46,1,1.76,0.11132
44,Filler_2,46,1,4.03,0.17179
51,Filler_2,46,1,6.35,0.13850
52,Filler_2,46,1,3.17,-0.14213
53,Filler_2,46,0,4.76,0.09035
54,Filler_2,46,1,3.83,0.13182
61,Filler_2,46,0,1.84,-0.07597
62,Filler_2,46,1,1.95,-0.15185
63,Filler_2,46,1,5.18,0.82949
64,Filler_2,46,1,2.72,0.15812
71,Filler_2,46,0,2.00,0.34019
72,Filler_2,46,1,2.07,-0.11615
73,Filler_2,46,1,1.88,0.46781
74,Filler_2,46,0,3.66,-0.12175
81,Filler_2,46,0,2.84,-0.04463
82,Filler_2,46,1,2.21,0.19539
83,Filler_2,46,1,3.36,-0.10954
11,Filler_2,47,1,2.04,-0.11530
12,Filler_2,47,1,2.42,0.16353
13,Filler_2,47,0,2.48,0.07556
14,Filler_2,47,1,1.96,-0.07641
21,Filler_2,47,1,1.82,-0.24080
22,Filler_2,47,1,3.86,1.02949
23,Filler_2,47,1,4.43,0.48571
24,Filler_2,47,1,2.07,-0.03432
31,Filler_2,47,1,2.75,1.01996
32,Filler_2,47,1,2.51,0.88787
33,Filler_2,47,0,9.01,0.31113
34,Filler_2,47,1,3.44,1.16576
41,Filler_2,47,1,5.25,0.97961
42,Filler_2,47,1,3.02,-0.07203
43,Filler_2,47,1,3.70,1.21657
44,Filler_2,47,0,4.08,1.03315
51,Filler_2,47,1,2.13,0.11686
52,Filler_2,47,1,2.28,-0.06865
53,Filler_2,47,1,4.23,0.06805
54,Filler_2,47,0,6.52,0.95295
61,Filler_2,47,1,2.21,-0.45692
62,Filler_2,47,0,2.02,-0.20001
63,Filler_2,47,1,4.01,0.48246
64,Filler_2,47,1,2.42,0.12617
71,Filler_2,47,1,2.58,-0.36624
72,Filler_2,47,0,1.52,0.08818
73,Filler_2,47,1,1.61,0.02259
74,Filler_2,47,0,2.83,-0.10962
81,Filler_2,47,1,2.90,-0.14641
82,Filler_2,47,1,1.82,-0.08513
83,Filler_2,47,0,2.12,-0.19358
11,Filler_2,48,1,2.20,0.03598
12,Filler_2,48,1,2.07,-0.06661
13,Filler_2,48,1,2.28,0.37995
14,Filler_2,48,1,2.83,0.53569
21,Filler_2,48,1,2.31,0.64111
22,Filler_2,48,0,3.37,0.97313
23,Filler_2,48,1,3.45,0.31176
24,Filler_2,48,1,3.34,1.03414
31,Filler_2,48,1,1.27,0.44453
32,Filler_2,48,1,1.52,0.27533
33,Filler_2,48,1,4.04,0.09319
34,Filler_2,48,1,1.75,-0.48495
41,Filler_2,48,1,2.56,0.87760
42,Filler_2,48,1,2.67,1.22166
43,Filler_2,48,1,3.69,1.20699
44,Filler_2,48,0,3.85,1.10404
51,Filler_2,48,1,2.85,-0.10541
52,Filler_2,48,0,2.47,-0.12326
53,Filler_2,48,1,1.73,0.42598
54,Filler_2,48,1,5.85,0.12958
61,Filler_2,48,0,1.73,0.18185
62,Filler_2,48,1,2.90,-0.05747
63,Filler_2,48,1,1.88,0.68227
64,Filler_2,48,1,2.56,0.17867
71,Filler_2,48,0,2.30,0.28958
72,Filler_2,48,0,3.70,0.21540
73,Filler_2,48,1,1.66,0.30508
74,Filler_2,48,1,4.45,0.78430
81,Filler_2,48,0,4.56,0.18174
82,Filler_2,48,1,5.00,0.83913
83,Filler_2,48,1,1.70,0.23575
11,Filler_2,49,1,2.39,-0.07494
12,Filler_2,49,1,2.57,0.06825
13,Filler_2,49,1,2.20,0.23066
14,Filler_2,49,1,2.01,1.06113
21,Filler_2,49,0,2.53,0.12982
22,Filler_2,49,1,3.24,1.07642
23,Filler_2,49,1,3.11,1.02852
24,Filler_2,49,1,1.59,0.16762
31,Filler_2,49,1,2.37,0.41562
32,Filler_2,49,1,3.49,1.04452
33,Filler_2,49,1,1.88,0.08319
34,Filler_2,49,1,2.19,-0.25178
41,Filler_2,49,1,2.39,-0.16822
42,Filler_2,49,1,1.71,0.01597
43,Filler_2,49,1,2.19,0.79280
44,Filler_2,49,0,6.15,0.09282
51,Filler_2,49,0,8.78,-0.07313
52,Filler_2,49,0,1.78,-0.11339
53,Filler_2,49,0,2.68,0.18864
54,Filler_2,49,1,5.31,0.05349
61,Filler_2,49,0,4.51,0.24896
62,Filler_2,49,1,2.01,0.61607
63,Filler_2,49,1,3.54,1.01529
64,Filler_2,49,1,3.21,0.12795
71,Filler_2,49,0,2.48,0.87044
72,Filler_2,49,1,3.29,0.14696
73,Filler_2,49,1,1.30,0.52273
74,Filler_2,49,1,2.35,0.15213
81,Filler_2,49,0,2.90,0.16004
82,Filler_2,49,0,2.22,-0.08897
83,Filler_2,49,1,3.76,0.41001
11,Filler_2,50,1,1.86,0.45141
12,Filler_2,50,1,1.99,0.03175
13,Filler_2,50,1,3.33,1.08841
14,Filler_2,50,1,1.93,-0.07341
21,Filler_2,50,1,2.64,1.02293
22,Filler_2,50,1,5.63,1.11189
23,Filler_2,50,1,2.39,0.20362
24,Filler_2,50,1,2.14,0.50931
31,Filler_2,50,1,2.43,-0.04115
32,Filler_2,50,1,2.11,0.14093
33,Filler_2,50,1,2.62,-0.13558
34,Filler_2,50,1,1.84,0.88199
41,Filler_2,50,1,1.96,-0.15626
42,Filler_2,50,1,1.75,0.82738
43,Filler_2,50,1,3.62,0.39662
44,Filler_2,50,0,3.49,1.07088
51,Filler_2,50,0,2.13,0.01678
52,Filler_2,50,0,2.60,1.01841
53,Filler_2,50,1,6.34,1.01991
54,Filler_2,50,0,5.99,1.09500
61,Filler_2,50,0,4.41,0.23006
62,Filler_2,50,1,5.45,1.11899
63,Filler_2,50,1,4.12,0.73124
64,Filler_2,50,1,2.13,0.33623
71,Filler_2,50,0,2.04,0.20545
72,Filler_2,50,1,2.21,0.90780
73,Filler_2,50,1,1.76,-0.22297
74,Filler_2,50,1,3.99,0.91916
81,Filler_2,50,0,2.04,0.49967
82,Filler_2,50,1,1.98,0.04798
83,Filler_2,50,0,5.21,0.76019
11,Filler_2,51,1,1.76,-0.08118
12,Filler_2,51,1,1.63,0.50866
13,Filler_2,51,1,2.87,1.12124
14,Filler_2,51,0,3.25,-0.21499
21,Filler_2,51,1,1.86,0.07488
22,Filler_2,51,1,3.62,1.04945
23,Filler_2,51,1,2.97,0.83165
24,Filler_2,51,1,1.89,0.37979
31,Filler_2,51,1,3.52,-0.05768
32,Filler_2,51,1,3.32,1.01675
33,Filler_2,51,1,1.66,0.04429
34,Filler_2,51,0,2.29,1.06851
41,Filler_2,51,1,4.16,0.32272
42,Filler_2,51,1,2.02,0.11484
43,Filler_2,51,1,1.60,0.39954
44,Filler_2,51,0,2.16,0.24696
51,Filler_2,51,0,3.48,0.10773
52,Filler_2,51,0,3.33,-0.10202
53,Filler_2,51,1,6.38,0.21898
54,Filler_2,51,1,4.21,-0.04897
61,Filler_2,51,0,2.03,0.89649
62,Filler_2,51,1,2.27,0.02534
63,Filler_2,51,1,2.54,0.17234
64,Filler_2,51,1,2.22,0.12460
71,Filler_2,51,1,2.12,-0.06586
72,Filler_2,51,1,3.66,0.46177
73,Filler_2,51,1,1.64,0.11235
74,Filler_2,51,1,3.04,0.92715
81,Filler_2,51,1,2.16,0.58462
82,Filler_2,51,1,3.50,1.07150
83,Filler_2,51,1,8.18,0.22957
11,Filler_2,52,1,2.86,0.07458
12,Filler_2,52,1,2.37,0.10390
13,Filler_2,52,1,3.72,1.22883
14,Filler_2,52,1,2.25,0.10623
21,Filler_2,52,1,4.06,1.23235
22,Filler_2,52,1,3.06,0.64972
23,Filler_2,52,1,1.73,1.25564
24,Filler_2,52,1,2.13,0.35500
31,Filler_2,52,1,2.13,-0.19030
32,Filler_2,52,1,4.05,1.12809
33,Filler_2,52,1,1.68,0.08453
34,Filler_2,52,1,2.54,1.09165
41,Filler_2,52,1,2.90,0.22786
42,Filler_2,52,1,1.47,-0.11804
43,Filler_2,52,1,1.74,0.19733
44,Filler_2,52,1,4.61,1.05697
51,Filler_2,52,1,2.41,0.05948
52,Filler_2,52,1,2.57,0.95042
53,Filler_2,52,1,4.36,0.08739
54,Filler_2,52,1,1.60,0.55410
61,Filler_2,52,1,4.03,0.91897
62,Filler_2,52,1,1.83,-0.08276
63,Filler_2,52,1,1.82,1.27820
64,Filler_2,52,0,4.57,0.65265
71,Filler_2,52,1,3.22,0.85566
72,Filler_2,52,1,1.84,0.17663
73,Filler_2,52,1,1.75,0.11838
74,Filler_2,52,1,3.05,1.15148
81,Filler_2,52,1,3.82,0.31026
82,Filler_2,52,1,4.72,0.68917
83,Filler_2,52,1,7.47,0.75299
11,Filler_2,53,1,2.34,-0.09215
12,Filler_2,53,1,2.25,0.05934
13,Filler_2,53,0,2.54,1.01555
14,Filler_2,53,1,1.83,-0.16126
21,Filler_2,53,0,3.52,1.15297
22,Filler_2,53,0,3.68,0.90117
23,Filler_2,53,1,2.45,0.33865
24,Filler_2,53,1,1.83,0.60687
31,Filler_2,53,1,2.76,0.02436
32,Filler_2,53,1,1.31,0.59625
33,Filler_2,53,1,2.12,0.65559
34,Filler_2,53,1,2.17,-0.46630
41,Filler_2,53,1,2.03,0.43795
42,Filler_2,53,1,1.61,0.33116
43,Filler_2,53,1,2.18,0.44383
44,Filler_2,53,1,4.13,1.17917
51,Filler_2,53,1,4.21,-0.04897
52,Filler_2,53,0,1.64,0.47248
53,Filler_2,53,1,2.04,0.10330
54,Filler_2,53,1,4.43,0.13043
61,Filler_2,53,1,2.37,0.51729
62,Filler_2,53,1,1.86,0.02747
63,Filler_2,53,1,2.85,1.06067
64,Filler_2,53,1,2.25,-0.02855
71,Filler_2,53,1,1.82,0.68110
72,Filler_2,53,0,4.26,0.93836
73,Filler_2,53,1,1.86,0.91667
74,Filler_2,53,1,2.30,0.08194
81,Filler_2,53,1,3.05,0.05564
82,Filler_2,53,0,5.39,0.91379
83,Filler_2,53,1,1.44,0.23835
11,Filler_2,54,0,4.50,0.83319
12,Filler_2,54,1,2.35,0.11014
13,Filler_2,54,1,3.37,0.86049
14,Filler_2,54,1,2.77,0.03708
21,Filler_2,54,1,1.74,0.29686
22,Filler_2,54,1,4.06,0.31865
23,Filler_2,54,1,3.51,0.42128
24,Filler_2,54,0,2.83,0.14421
31,Filler_2,54,1,1.67,0.75143
32,Filler_2,54,0,3.62,0.93362
33,Filler_2,54,0,3.65,0.31920
34,Filler_2,54,1,2.22,-0.19782
41,Filler_2,54,1,2.00,0.68215
42,Filler_2,54,1,2.42,0.06099
43,Filler_2,54,1,2.84,-0.04903
44,Filler_2,54,1,2.99,0.80132
51,Filler_2,54,1,2.05,0.18384
52,Filler_2,54,1,4.79,1.09137
53,Filler_2,54,1,2.92,0.04301
54,Filler_2,54,1,2.41,0.05948
61,Filler_2,54,0,1.68,0.09721
62,Filler_2,54,0,3.42,1.10564
63,Filler_2,54,1,4.92,1.03451
64,Filler_2,54,0,2.56,0.08269
71,Filler_2,54,0,3.84,1.03700
72,Filler_2,54,0,3.29,0.22463
73,Filler_2,54,1,1.65,0.46879
74,Filler_2,54,1,3.96,1.05997
81,Filler_2,54,1,4.73,-0.07606
82,Filler_2,54,1,2.41,0.99177
83,Filler_2,54,1,2.64,0.12669
11,Filler_2,55,1,2.64,-0.71508
12,Filler_2,55,1,2.22,0.10438
13,Filler_2,55,1,3.02,0.19574
14,Filler_2,55,1,1.45,0.12739
21,Filler_2,55,1,2.44,0.25550
22,Filler_2,55,1,2.02,1.04372
23,Filler_2,55,1,1.99,0.35478
24,Filler_2,55,1,2.43,0.96096
31,Filler_2,55,1,2.03,0.74883
32,Filler_2,55,1,2.73,0.81429
33,Filler_2,55,1,2.54,0.04197
34,Filler_2,55,1,2.07,0.93825
41,Filler_2,55,1,2.71,0.96070
42,Filler_2,55,0,2.38,0.04991
43,Filler_2,55,1,1.80,-0.10683
44,Filler_2,55,1,2.51,0.07892
51,Filler_2,55,0,3.09,0.21149
52,Filler_2,55,0,3.35,1.10832
53,Filler_2,55,1,1.65,0.85358
54,Filler_2,55,1,4.63,0.19118
61,Filler_2,55,1,2.77,1.02121
62,Filler_2,55,1,2.02,-0.08652
63,Filler_2,55,1,2.53,0.70419
64,Filler_2,55,1,2.85,0.12570
71,Filler_2,55,1,3.64,0.29702
72,Filler_2,55,1,2.73,0.23696
73,Filler_2,55,1,1.98,0.26238
74,Filler_2,55,0,3.17,0.13262
81,Filler_2,55,1,2.09,-0.05902
82,Filler_2,55,1,1.90,1.04482
83,Filler_2,55,1,1.27,0.25825
11,Filler_2,56,1,2.00,-0.03180
12,Filler_2,56,1,3.13,0.32549
13,Filler_2,56,1,2.33,0.45036
14,Filler_2,56,0,1.98,-0.33050
21,Filler_2,56,1,3.09,1.05818
22,Filler_2,56,0,4.18,1.17415
23,Filler_2,56,1,2.13,0.36056
24,Filler_2,56,1,2.23,0.48521
31,Filler_2,56,1,2.43,0.32354
32,Filler_2,56,1,4.29,0.41919
33,Filler_2,56,1,3.04,0.12895
34,Filler_2,56,1,2.01,-0.33250
41,Filler_2,56,1,2.92,0.19143
42,Filler_2,56,1,3.32,0.25154
43,Filler_2,56,1,4.49,0.17762
44,Filler_2,56,1,3.69,0.14499
51,Filler_2,56,0,2.17,0.10438
52,Filler_2,56,1,1.95,0.35290
53,Filler_2,56,1,6.64,0.21233
54,Filler_2,56,1,2.31,0.16413
61,Filler_2,56,0,3.78,0.17571
62,Filler_2,56,1,2.96,-0.06258
63,Filler_2,56,1,5.69,0.15999
64,Filler_2,56,1,5.86,0.41177
71,Filler_2,56,1,2.08,0.29867
72,Filler_2,56,1,2.97,0.43000
73,Filler_2,56,1,2.49,0.53082
74,Filler_2,56,1,1.86,0.68037
81,Filler_2,56,0,3.32,0.25726
82,Filler_2,56,1,3.04,0.40050
83,Filler_2,56,0,3.75,0.35690
11,Filler_3,57,0,3.55,1.15204
12,Filler_3,57,0,2.33,-0.04480
13,Filler_3,57,0,3.70,1.04564
14,Filler_3,57,0,2.16,0.20467
21,Filler_3,57,0,2.60,0.30186
22,Filler_3,57,0,2.82,0.39004
23,Filler_3,57,0,4.47,1.04092
24,Filler_3,57,0,2.08,0.99338
31,Filler_3,57,0,5.22,1.05098
32,Filler_3,57,0,2.77,0.47002
33,Filler_3,57,0,5.50,1.01514
34,Filler_3,57,0,3.73,-0.36249
41,Filler_3,57,0,3.90,0.27561
42,Filler_3,57,0,2.51,0.14739
43,Filler_3,57,0,2.62,-0.08417
44,Filler_3,57,0,5.35,-0.23414
51,Filler_3,57,0,3.05,-0.07938
52,Filler_3,57,0,3.81,1.01540
53,Filler_3,57,0,3.78,0.84460
54,Filler_3,57,0,4.11,0.22377
61,Filler_3,57,1,3.39,1.06257
62,Filler_3,57,0,4.50,1.12347
63,Filler_3,57,0,4.41,0.63410
64,Filler_3,57,0,7.54,1.05701
71,Filler_3,57,0,3.16,0.07928
72,Filler_3,57,0,4.32,-0.28273
73,Filler_3,57,0,2.48,0.19477
74,Filler_3,57,0,4.95,1.03377
81,Filler_3,57,0,2.02,0.17139
82,Filler_3,57,0,2.14,-0.07316
83,Filler_3,57,0,1.72,-0.06492
11,Filler_3,58,0,2.20,-0.02187
12,Filler_3,58,0,3.24,0.54580
13,Filler_3,58,1,3.48,1.16897
14,Filler_3,58,0,2.13,0.19107
21,Filler_3,58,0,2.77,0.44092
22,Filler_3,58,0,3.45,0.99537
23,Filler_3,58,0,2.97,0.68623
24,Filler_3,58,0,2.35,0.23323
31,Filler_3,58,0,2.34,-0.10817
32,Filler_3,58,0,2.06,0.60017
33,Filler_3,58,0,4.37,0.67787
34,Filler_3,58,0,3.21,-0.37873
41,Filler_3,58,0,2.87,0.25499
42,Filler_3,58,0,1.92,-0.02002
43,Filler_3,58,0,3.04,-0.08253
44,Filler_3,58,0,2.57,-0.14800
51,Filler_3,58,0,4.41,0.11436
52,Filler_3,58,0,2.31,1.01130
53,Filler_3,58,0,4.40,-0.07328
54,Filler_3,58,0,4.41,0.11436
61,Filler_3,58,0,2.39,0.22511
62,Filler_3,58,0,2.19,-0.25118
63,Filler_3,58,0,7.10,0.65721
64,Filler_3,58,0,3.89,0.42980
71,Filler_3,58,0,3.28,1.12685
72,Filler_3,58,0,4.96,0.83881
73,Filler_3,58,1,2.64,0.11527
74,Filler_3,58,0,1.74,-0.06301
81,Filler_3,58,0,3.66,0.37120
82,Filler_3,58,0,2.19,0.31722
83,Filler_3,58,0,4.38,-0.02748
11,Filler_3,59,0,3.32,-0.10747
12,Filler_3,59,0,2.05,0.11767
13,Filler_3,59,0,1.86,0.61371
14,Filler_3,59,1,3.62,-0.04810
21,Filler_3,59,1,3.30,0.35760
22,Filler_3,59,0,2.93,0.73167
23,Filler_3,59,1,3.53,1.23295
24,Filler_3,59,0,1.94,0.22522
31,Filler_3,59,0,1.79,-0.03282
32,Filler_3,59,0,2.05,0.82875
33,Filler_3,59,0,1.86,0.12233
34,Filler_3,59,0,2.18,0.80964
41,Filler_3,59,0,3.96,-0.30332
42,Filler_3,59,0,1.97,0.04537
43,Filler_3,59,0,2.22,0.09855
44,Filler_3,59,0,4.57,1.01534
51,Filler_3,59,0,3.67,0.17241
52,Filler_3,59,0,2.12,0.04901
53,Filler_3,59,0,3.08,-0.09111
54,Filler_3,59,0,2.50,0.12807
61,Filler_3,59,1,1.95,0.12543
62,Filler_3,59,0,2.34,0.06085
63,Filler_3,59,0,2.90,0.19195
64,Filler_3,59,0,2.37,0.12457
71,Filler_3,59,1,2.72,0.69200
72,Filler_3,59,0,2.72,-0.16141
73,Filler_3,59,1,4.96,0.29607
74,Filler_3,59,0,3.15,0.88725
81,Filler_3,59,1,4.22,0.30946
82,Filler_3,59,0,3.31,0.03647
83,Filler_3,59,0,1.96,-0.03845
11,Filler_3,60,1,3.56,-0.01342
12,Filler_3,60,1,2.69,-0.11642
13,Filler_3,60,1,2.52,0.15455
14,Filler_3,60,1,2.19,1.01879
21,Filler_3,60,1,2.43,0.62384
22,Filler_3,60,0,5.75,1.15681
23,Filler_3,60,1,3.45,1.03696
24,Filler_3,60,1,2.54,0.21332
31,Filler_3,60,1,2.56,0.94031
32,Filler_3,60,1,2.14,0.90404
33,Filler_3,60,0,5.08,0.08009
34,Filler_3,60,1,4.31,1.06802
41,Filler_3,60,1,3.77,0.97956
42,Filler_3,60,1,2.32,-0.16346
43,Filler_3,60,1,2.96,1.04812
44,Filler_3,60,1,2.59,0.90628
51,Filler_3,60,1,1.99,0.30445
52,Filler_3,60,1,2.73,1.16445
53,Filler_3,60,1,2.75,0.15745
54,Filler_3,60,1,5.89,0.83535
61,Filler_3,60,0,4.65,1.05200
62,Filler_3,60,1,2.78,0.67533
63,Filler_3,60,1,2.94,0.73466
64,Filler_3,60,1,1.86,0.08201
71,Filler_3,60,0,2.77,0.84573
72,Filler_3,60,1,2.60,0.81993
73,Filler_3,60,1,3.76,0.95736
74,Filler_3,60,1,3.81,1.01051
81,Filler_3,60,0,2.48,0.09531
82,Filler_3,60,1,2.64,0.33567
83,Filler_3,60,0,3.57,1.05511
11,Filler_3,61,1,4.08,0.10693
12,Filler_3,61,1,3.79,1.25138
13,Filler_3,61,1,1.96,0.12760
14,Filler_3,61,1,1.35,0.05965
21,Filler_3,61,1,2.97,0.11166
22,Filler_3,61,1,3.34,1.08990
23,Filler_3,61,1,2.93,1.01259
24,Filler_3,61,0,2.17,0.19562
31,Filler_3,61,1,2.26,1.00382
32,Filler_3,61,1,2.10,0.46410
33,Filler_3,61,1,1.74,0.10045
34,Filler_3,61,1,2.79,1.13845
41,Filler_3,61,1,2.34,0.12115
42,Filler_3,61,1,1.90,0.14652
43,Filler_3,61,1,2.04,0.05843
44,Filler_3,61,1,3.03,1.04678
51,Filler_3,61,1,4.05,0.14758
52,Filler_3,61,1,2.77,0.08720
53,Filler_3,61,1,1.97,0.29012
54,Filler_3,61,1,2.67,0.10190
61,Filler_3,61,1,3.24,0.20024
62,Filler_3,61,1,4.53,1.16750
63,Filler_3,61,1,3.16,0.99205
64,Filler_3,61,0,2.68,0.12018
71,Filler_3,61,1,6.32,0.90140
72,Filler_3,61,1,2.64,-0.24672
73,Filler_3,61,1,1.96,0.12192
74,Filler_3,61,1,2.42,0.93847
81,Filler_3,61,1,2.86,0.09439
82,Filler_3,61,1,2.08,-0.05376
83,Filler_3,61,1,6.56,1.33169
11,Filler_3,62,1,1.84,0.38109
12,Filler_3,62,1,2.42,-0.11434
13,Filler_3,62,1,2.83,0.20010
14,Filler_3,62,0,4.69,1.06017
21,Filler_3,62,1,2.21,1.13687
22,Filler_3,62,1,5.67,1.10387
23,Filler_3,62,1,2.75,1.01780
24,Filler_3,62,1,4.41,1.01790
31,Filler_3,62,1,2.37,1.02910
32,Filler_3,62,1,1.95,0.61882
33,Filler_3,62,1,4.24,0.83063
34,Filler_3,62,1,2.21,-0.30247
41,Filler_3,62,0,3.33,0.18089
42,Filler_3,62,1,2.54,-0.06777
43,Filler_3,62,1,1.98,0.41246
44,Filler_3,62,1,3.14,1.21561
51,Filler_3,62,1,4.85,0.13659
52,Filler_3,62,1,3.15,-0.06966
53,Filler_3,62,1,2.83,0.09170
54,Filler_3,62,1,6.18,1.03469
61,Filler_3,62,0,3.45,0.10647
62,Filler_3,62,0,2.61,-0.07197
63,Filler_3,62,1,4.88,0.73176
64,Filler_3,62,1,3.08,0.09364
71,Filler_3,62,0,2.72,0.76975
72,Filler_3,62,1,3.21,0.24102
73,Filler_3,62,1,2.78,0.75513
74,Filler_3,62,1,2.15,0.54095
81,Filler_3,62,1,2.92,0.70162
82,Filler_3,62,1,7.37,1.03035
83,Filler_3,62,1,1.76,1.01254
11,Filler_3,63,1,2.04,0.00790
12,Filler_3,63,0,1.67,0.03379
13,Filler_3,63,0,2.83,0.95143
14,Filler_3,63,0,4.96,1.04968
21,Filler_3,63,0,2.03,0.51499
22,Filler_3,63,0,2.60,-0.14337
23,Filler_3,63,1,3.85,1.00559
24,Filler_3,63,0,3.57,0.98147
31,Filler_3,63,0,2.64,0.61885
32,Filler_3,63,0,2.91,0.98764
33,Filler_3,63,0,4.72,-0.20667
34,Filler_3,63,0,1.66,-0.27538
41,Filler_3,63,0,5.09,0.38859
42,Filler_3,63,0,1.50,0.01267
43,Filler_3,63,0,1.88,0.33040
44,Filler_3,63,0,3.91,0.99752
51,Filler_3,63,1,2.50,0.14052
52,Filler_3,63,0,3.07,1.05741
53,Filler_3,63,0,3.12,-0.10494
54,Filler_3,63,0,7.55,0.99075
61,Filler_3,63,1,1.83,-0.18359
62,Filler_3,63,0,2.10,-0.08925
63,Filler_3,63,0,3.13,-0.14881
64,Filler_3,63,0,3.82,0.32130
71,Filler_3,63,1,2.54,0.32289
72,Filler_3,63,0,2.70,0.09987
73,Filler_3,63,0,3.40,0.42274
74,Filler_3,63,1,2.88,0.53703
81,Filler_3,63,1,3.69,0.18618
82,Filler_3,63,0,2.08,0.73547
83,Filler_3,63,1,1.98,0.28771
11,Filler_3,64,0,2.60,-0.01191
12,Filler_3,64,0,2.05,0.05550
13,Filler_3,64,0,2.01,0.14604
14,Filler_3,64,0,2.66,-0.12137
21,Filler_3,64,0,1.96,-0.10016
22,Filler_3,64,1,3.43,1.18471
23,Filler_3,64,1,3.12,1.06490
24,Filler_3,64,0,1.96,0.25298
31,Filler_3,64,0,2.32,-0.05688
32,Filler_3,64,0,3.35,0.94182
33,Filler_3,64,0,6.27,0.23649
34,Filler_3,64,0,2.19,-0.23838
41,Filler_3,64,0,2.12,-0.11636
42,Filler_3,64,0,1.92,0.10842
43,Filler_3,64,0,3.38,1.05941
44,Filler_3,64,0,5.61,0.99689
51,Filler_3,64,0,4.12,0.34824
52,Filler_3,64,1,2.71,0.50178
53,Filler_3,64,1,3.18,0.43394
54,Filler_3,64,0,2.13,0.01678
61,Filler_3,64,0,1.61,0.13349
62,Filler_3,64,0,2.04,-0.04822
63,Filler_3,64,0,2.92,-0.04284
64,Filler_3,64,0,2.60,0.24316
71,Filler_3,64,0,2.76,0.16642
72,Filler_3,64,1,4.12,0.17338
73,Filler_3,64,0,3.42,-0.25875
74,Filler_3,64,1,2.62,-0.04644
81,Filler_3,64,0,1.94,0.24031
82,Filler_3,64,0,2.92,0.15953
83,Filler_3,64,1,2.17,0.70642
11,Filler_3,65,0,2.18,-0.11889
12,Filler_3,65,0,3.33,0.08536
13,Filler_3,65,0,2.44,-0.04511
14,Filler_3,65,1,4.71,0.03246
21,Filler_3,65,0,2.58,0.14138
22,Filler_3,65,0,3.95,1.05785
23,Filler_3,65,0,2.27,0.40842
24,Filler_3,65,0,2.51,0.28959
31,Filler_3,65,0,3.02,1.00116
32,Filler_3,65,0,4.82,0.79766
33,Filler_3,65,0,1.70,0.12125
34,Filler_3,65,0,3.50,0.09382
41,Filler_3,65,0,3.11,0.74988
42,Filler_3,65,0,3.57,-0.03148
43,Filler_3,65,0,2.12,0.63560
44,Filler_3,65,1,1.82,0.04711
51,Filler_3,65,1,3.00,0.06528
52,Filler_3,65,1,2.36,0.57378
53,Filler_3,65,0,2.94,-0.05218
54,Filler_3,65,0,3.48,0.10773
61,Filler_3,65,1,2.13,-0.42160
62,Filler_3,65,0,4.24,0.95112
63,Filler_3,65,0,2.48,0.39887
64,Filler_3,65,1,2.52,0.10454
71,Filler_3,65,1,2.68,-0.13894
72,Filler_3,65,1,2.65,0.47818
73,Filler_3,65,0,3.03,-0.05527
74,Filler_3,65,0,6.07,0.96879
81,Filler_3,65,1,3.84,-0.14614
82,Filler_3,65,0,3.10,0.84028
83,Filler_3,65,0,2.42,0.21313
11,Filler_3,66,1,1.94,0.08398
12,Filler_3,66,1,1.71,-0.16324
13,Filler_3,66,1,2.63,0.24273
14,Filler_3,66,1,1.70,0.84827
21,Filler_3,66,1,2.05,-0.22004
22,Filler_3,66,1,2.73,0.82860
23,Filler_3,66,1,2.23,0.95118
24,Filler_3,66,1,1.49,0.28065
31,Filler_3,66,1,2.69,0.93055
32,Filler_3,66,0,1.97,0.21644
33,Filler_3,66,1,4.14,0.10250
34,Filler_3,66,1,1.79,-0.11351
41,Filler_3,66,1,3.26,0.91220
42,Filler_3,66,1,2.14,-0.01145
43,Filler_3,66,1,2.96,0.73171
44,Filler_3,66,1,4.77,1.26466
51,Filler_3,66,1,2.23,0.07847
52,Filler_3,66,1,2.07,-0.03486
53,Filler_3,66,1,2.34,-0.18000
54,Filler_3,66,1,3.18,0.26602
61,Filler_3,66,0,1.99,-0.22466
62,Filler_3,66,1,3.28,-0.12651
63,Filler_3,66,1,2.10,0.68988
64,Filler_3,66,1,2.70,-0.08254
71,Filler_3,66,0,1.78,0.17176
72,Filler_3,66,1,2.73,0.26338
73,Filler_3,66,1,1.88,0.64732
74,Filler_3,66,1,2.04,-0.20525
81,Filler_3,66,0,3.80,1.01367
82,Filler_3,66,0,3.98,-0.14115
83,Filler_3,66,1,1.36,0.13037
11,Filler_3,67,1,3.45,-0.06560
12,Filler_3,67,1,1.91,-0.14957
13,Filler_3,67,0,2.46,0.32068
14,Filler_3,67,1,3.02,1.00410
21,Filler_3,67,1,3.94,0.92340
22,Filler_3,67,0,3.85,0.25923
23,Filler_3,67,1,3.17,0.72308
24,Filler_3,67,1,1.66,-0.16107
31,Filler_3,67,1,2.44,0.74887
32,Filler_3,67,1,2.38,0.70386
33,Filler_3,67,1,2.24,0.09572
34,Filler_3,67,1,3.42,1.09976
41,Filler_3,67,1,3.23,0.74685
42,Filler_3,67,1,1.92,0.07288
43,Filler_3,67,1,2.99,0.72985
44,Filler_3,67,1,4.81,1.02004
51,Filler_3,67,1,6.18,1.03469
52,Filler_3,67,1,1.87,0.47105
53,Filler_3,67,1,1.73,-0.13561
54,Filler_3,67,1,2.50,0.14052
61,Filler_3,67,0,1.91,0.84279
62,Filler_3,67,1,2.04,0.16851
63,Filler_3,67,1,3.82,1.51625
64,Filler_3,67,0,4.80,1.11168
71,Filler_3,67,0,3.06,-0.08312
72,Filler_3,67,1,2.66,-0.17063
73,Filler_3,67,1,1.55,-0.25254
74,Filler_3,67,1,3.46,1.03628
81,Filler_3,67,0,4.96,0.31527
82,Filler_3,67,1,2.00,0.86733
83,Filler_3,67,1,3.70,0.16081
11,Filler_3,68,1,2.28,-0.03993
12,Filler_3,68,1,2.01,-0.09119
13,Filler_3,68,0,3.93,0.20248
14,Filler_3,68,1,2.54,-0.02792
21,Filler_3,68,1,3.03,1.11635
22,Filler_3,68,1,2.94,0.26274
23,Filler_3,68,1,2.75,0.14367
24,Filler_3,68,1,2.29,0.28414
31,Filler_3,68,1,1.83,0.39905
32,Filler_3,68,1,2.76,0.08626
33,Filler_3,68,1,3.00,0.08782
34,Filler_3,68,1,1.96,-0.03417
41,Filler_3,68,0,3.38,0.98625
42,Filler_3,68,1,1.99,-0.10382
43,Filler_3,68,1,1.95,0.26528
44,Filler_3,68,0,2.51,0.13604
51,Filler_3,68,0,6.52,0.95295
52,Filler_3,68,1,2.97,1.05196
53,Filler_3,68,1,2.61,0.17672
54,Filler_3,68,1,2.23,0.07847
61,Filler_3,68,0,3.12,0.21843
62,Filler_3,68,1,2.38,0.29566
63,Filler_3,68,0,4.05,0.65989
64,Filler_3,68,1,2.36,0.14618
71,Filler_3,68,0,2.58,0.19123
72,Filler_3,68,1,3.04,-0.15611
73,Filler_3,68,0,6.45,0.78606
74,Filler_3,68,1,2.38,1.06006
81,Filler_3,68,0,2.80,0.55110
82,Filler_3,68,0,7.56,0.75919
83,Filler_3,68,1,2.04,0.05986
11,Filler_4,69,1,1.90,-0.06903
12,Filler_4,69,1,2.21,0.12438
13,Filler_4,69,1,2.16,0.19202
14,Filler_4,69,1,1.57,0.04454
21,Filler_4,69,0,2.14,0.29606
22,Filler_4,69,1,3.70,1.15517
23,Filler_4,69,1,1.95,1.19404
24,Filler_4,69,0,3.13,1.15006
31,Filler_4,69,1,1.95,1.07694
32,Filler_4,69,1,2.13,-0.22636
33,Filler_4,69,1,3.54,0.14360
34,Filler_4,69,1,2.09,-0.27722
41,Filler_4,69,1,3.80,0.45433
42,Filler_4,69,1,2.38,-0.11917
43,Filler_4,69,1,2.38,0.56514
44,Filler_4,69,1,2.33,1.02298
51,Filler_4,69,1,2.59,1.06724
52,Filler_4,69,1,2.10,0.17052
53,Filler_4,69,1,2.24,0.46430
54,Filler_4,69,1,2.03,0.30681
61,Filler_4,69,1,1.83,-0.08745
62,Filler_4,69,1,2.32,-0.17668
63,Filler_4,69,1,2.38,0.34948
64,Filler_4,69,1,1.59,0.11792
71,Filler_4,69,1,1.95,-0.14895
72,Filler_4,69,1,2.80,0.16822
73,Filler_4,69,1,1.82,-1.42979
74,Filler_4,69,1,1.89,-0.05275
81,Filler_4,69,1,2.34,0.19250
82,Filler_4,69,1,2.44,0.10303
83,Filler_4,69,0,2.36,0.07981
11,Filler_4,70,1,2.16,0.97063
12,Filler_4,70,1,1.69,0.07277
13,Filler_4,70,1,2.54,1.05340
14,Filler_4,70,1,2.65,-0.21153
21,Filler_4,70,1,2.72,0.61908
22,Filler_4,70,1,2.30,-0.18367
23,Filler_4,70,1,2.51,0.77337
24,Filler_4,70,0,2.77,0.11327
31,Filler_4,70,1,1.52,0.49746
32,Filler_4,70,1,1.68,0.59469
33,Filler_4,70,1,2.24,0.06444
34,Filler_4,70,1,1.75,-0.38007
41,Filler_4,70,0,3.34,0.29776
42,Filler_4,70,1,1.73,-0.09876
43,Filler_4,70,0,3.42,0.63259
44,Filler_4,70,1,2.47,0.99676
51,Filler_4,70,1,4.87,-0.05743
52,Filler_4,70,1,1.81,0.88706
53,Filler_4,70,1,2.09,0.04849
54,Filler_4,70,1,1.57,0.03076
61,Filler_4,70,1,2.01,0.13576
62,Filler_4,70,1,2.50,0.54047
63,Filler_4,70,1,1.67,0.31894
64,Filler_4,70,1,2.06,0.02650
71,Filler_4,70,1,2.16,0.56365
72,Filler_4,70,1,2.14,0.16702
73,Filler_4,70,1,1.84,0.40941
74,Filler_4,70,1,2.22,-0.09947
81,Filler_4,70,1,3.66,0.39422
82,Filler_4,70,1,1.66,-0.19938
83,Filler_4,70,1,2.19,0.24434
11,Filler_4,71,1,2.50,-0.06670
12,Filler_4,71,1,2.49,0.70702
13,Filler_4,71,1,2.34,1.11147
14,Filler_4,71,1,1.63,0.16713
21,Filler_4,71,1,2.44,0.78363
22,Filler_4,71,0,3.72,0.35115
23,Filler_4,71,0,2.59,1.02723
24,Filler_4,71,1,1.56,-0.03719
31,Filler_4,71,1,2.80,1.02535
32,Filler_4,71,1,2.75,1.06696
33,Filler_4,71,1,2.66,0.07232
34,Filler_4,71,1,2.25,0.95460
41,Filler_4,71,1,5.99,0.99552
42,Filler_4,71,0,1.85,-0.05162
43,Filler_4,71,1,2.64,1.04619
44,Filler_4,71,1,2.06,0.20529
51,Filler_4,71,1,2.27,0.07879
52,Filler_4,71,1,1.70,-0.05677
53,Filler_4,71,1,1.93,0.21390
54,Filler_4,71,0,2.17,0.10438
61,Filler_4,71,0,2.15,0.52490
62,Filler_4,71,1,2.54,0.37350
63,Filler_4,71,1,2.92,0.12679
64,Filler_4,71,1,2.87,0.74133
71,Filler_4,71,0,3.12,0.20694
72,Filler_4,71,1,3.46,0.24442
73,Filler_4,71,1,3.98,0.75785
74,Filler_4,71,1,2.15,0.28118
81,Filler_4,71,0,2.46,0.60128
82,Filler_4,71,1,3.46,0.56212
83,Filler_4,71,1,5.14,0.91847
11,Filler_4,72,1,2.22,0.59622
12,Filler_4,72,0,2.86,-0.10676
13,Filler_4,72,1,2.74,0.06636
14,Filler_4,72,1,1.59,-0.08648
21,Filler_4,72,1,2.68,1.00744
22,Filler_4,72,1,2.20,0.47719
23,Filler_4,72,1,2.11,0.54109
24,Filler_4,72,0,1.89,0.20451
31,Filler_4,72,1,2.75,1.09683
32,Filler_4,72,1,2.08,1.05956
33,Filler_4,72,1,2.24,0.40870
34,Filler_4,72,1,2.52,1.08727
41,Filler_4,72,1,2.44,-0.11556
42,Filler_4,72,1,2.24,0.30899
43,Filler_4,72,1,1.90,0.75451
44,Filler_4,72,0,2.67,0.88906
51,Filler_4,72,1,2.31,0.16413
52,Filler_4,72,1,2.31,0.74731
53,Filler_4,72,1,2.43,0.57654
54,Filler_4,72,1,3.00,0.06528
61,Filler_4,72,1,1.69,0.22823
62,Filler_4,72,0,2.20,0.02894
63,Filler_4,72,1,2.66,0.52402
64,Filler_4,72,0,3.20,0.09560
71,Filler_4,72,1,5.96,0.78463
72,Filler_4,72,1,2.16,0.87959
73,Filler_4,72,1,2.84,-0.11775
74,Filler_4,72,1,2.42,0.04297
81,Filler_4,72,1,2.92,0.27019
82,Filler_4,72,1,1.95,0.45017
83,Filler_4,72,1,2.32,-0.04361
11,Filler_4,73,1,2.34,0.08678
12,Filler_4,73,1,2.11,0.11986
13,Filler_4,73,1,2.78,0.57786
14,Filler_4,73,1,2.96,1.06495
21,Filler_4,73,1,1.86,-0.12527
22,Filler_4,73,0,6.84,1.05717
23,Filler_4,73,0,2.55,0.63685
24,Filler_4,73,1,1.93,0.17116
31,Filler_4,73,1,2.22,0.15258
32,Filler_4,73,1,1.67,0.72414
33,Filler_4,73,1,2.58,0.03337
34,Filler_4,73,1,1.83,1.08382
41,Filler_4,73,1,2.82,-0.03891
42,Filler_4,73,1,1.87,0.05076
43,Filler_4,73,0,2.82,0.81888
44,Filler_4,73,1,2.83,0.21321
51,Filler_4,73,1,2.23,0.98438
52,Filler_4,73,1,2.01,-0.21764
53,Filler_4,73,1,1.75,0.23018
54,Filler_4,73,1,2.59,1.06724
61,Filler_4,73,1,2.07,-0.31058
62,Filler_4,73,1,3.55,1.10800
63,Filler_4,73,1,3.06,0.83246
64,Filler_4,73,1,2.50,0.13995
71,Filler_4,73,1,2.29,0.54798
72,Filler_4,73,1,2.29,0.08961
73,Filler_4,73,1,2.72,0.12109
74,Filler_4,73,0,2.47,-0.11227
81,Filler_4,73,1,2.22,0.59486
82,Filler_4,73,1,2.00,-0.04995
83,Filler_4,73,1,1.80,0.04229
11,Filler_4,74,1,2.10,-0.06357
12,Filler_4,74,1,1.91,1.01128
13,Filler_4,74,1,2.00,0.47890
14,Filler_4,74,1,1.76,0.58402
21,Filler_4,74,1,2.22,0.94650
22,Filler_4,74,1,3.94,1.06162
23,Filler_4,74,1,2.08,-0.46865
24,Filler_4,74,1,1.51,0.32664
31,Filler_4,74,1,1.76,0.27165
32,Filler_4,74,1,1.89,1.20372
33,Filler_4,74,1,2.14,0.64731
34,Filler_4,74,1,1.58,-0.48657
41,Filler_4,74,1,2.54,-0.18415
42,Filler_4,74,1,1.89,0.91796
43,Filler_4,74,1,3.16,0.97797
44,Filler_4,74,1,2.31,1.19955
51,Filler_4,74,1,1.89,0.21818
52,Filler_4,74,1,1.97,0.89504
53,Filler_4,74,1,1.67,0.79204
54,Filler_4,74,1,2.05,0.18384
61,Filler_4,74,0,2.45,1.13018
62,Filler_4,74,1,2.35,-0.09679
63,Filler_4,74,1,1.98,0.38461
64,Filler_4,74,1,3.36,0.97809
71,Filler_4,74,0,3.68,0.07431
72,Filler_4,74,1,2.82,1.22411
73,Filler_4,74,1,1.80,-0.54136
74,Filler_4,74,1,1.96,0.23434
81,Filler_4,74,1,2.37,0.04029
82,Filler_4,74,1,2.74,0.55245
83,Filler_4,74,1,1.70,-0.10136
11,Filler_4,75,1,3.04,0.09088
12,Filler_4,75,1,2.61,0.06891
13,Filler_4,75,1,1.88,0.16834
14,Filler_4,75,1,1.61,0.19075
21,Filler_4,75,1,2.18,0.32530
22,Filler_4,75,0,4.09,0.98479
23,Filler_4,75,1,2.02,0.99230
24,Filler_4,75,1,2.41,1.03948
31,Filler_4,75,1,2.09,1.05139
32,Filler_4,75,1,1.77,1.17483
33,Filler_4,75,1,3.26,0.06186
34,Filler_4,75,1,2.79,-0.27330
41,Filler_4,75,1,2.50,1.01750
42,Filler_4,75,1,1.52,0.37958
43,Filler_4,75,1,2.58,0.44139
44,Filler_4,75,1,2.63,0.21952
51,Filler_4,75,1,2.95,0.16584
52,Filler_4,75,1,2.73,0.87141
53,Filler_4,75,1,1.56,-0.02481
54,Filler_4,75,1,1.99,0.30445
61,Filler_4,75,1,2.27,0.09726
62,Filler_4,75,1,2.56,0.17147
63,Filler_4,75,1,2.63,0.80618
64,Filler_4,75,1,2.90,0.02728
71,Filler_4,75,1,2.08,0.59661
72,Filler_4,75,1,2.58,0.02828
73,Filler_4,75,1,2.38,-0.10909
74,Filler_4,75,1,1.72,0.02296
81,Filler_4,75,1,3.00,0.33512
82,Filler_4,75,1,2.38,0.11325
83,Filler_4,75,1,1.52,0.21243
11,Filler_4,76,1,3.39,0.96578
12,Filler_4,76,1,1.95,0.22661
13,Filler_4,76,1,3.00,0.67229
14,Filler_4,76,1,1.73,0.79441
21,Filler_4,76,1,2.19,0.52900
22,Filler_4,76,1,3.01,0.30588
23,Filler_4,76,1,2.54,-0.34080
24,Filler_4,76,1,2.72,0.97653
31,Filler_4,76,1,1.73,0.06165
32,Filler_4,76,1,1.75,0.77383
33,Filler_4,76,1,2.38,0.67390
34,Filler_4,76,1,1.47,-0.43966
41,Filler_4,76,1,3.24,0.19683
42,Filler_4,76,1,1.56,-0.05042
43,Filler_4,76,1,1.84,-0.08035
44,Filler_4,76,1,2.39,0.25718
51,Filler_4,76,0,3.45,0.99441
52,Filler_4,76,1,5.10,1.08747
53,Filler_4,76,1,1.63,0.16700
54,Filler_4,76,1,2.24,0.14413
61,Filler_4,76,1,2.33,0.18255
62,Filler_4,76,1,1.96,0.39869
63,Filler_4,76,1,1.78,-0.21202
64,Filler_4,76,0,2.90,0.04384
71,Filler_4,76,1,2.44,0.60593
72,Filler_4,76,1,1.80,0.21606
73,Filler_4,76,1,1.62,0.95653
74,Filler_4,76,1,2.11,0.02364
81,Filler_4,76,1,2.50,0.22763
82,Filler_4,76,1,2.67,0.14779
83,Filler_4,76,1,2.24,-0.05568
11,Filler_4,77,1,3.14,-0.06757
12,Filler_4,77,1,2.12,0.05735
13,Filler_4,77,1,1.79,0.08133
14,Filler_4,77,1,1.86,0.08148
21,Filler_4,77,1,2.62,0.76024
22,Filler_4,77,1,2.49,0.42610
23,Filler_4,77,1,2.21,0.94688
24,Filler_4,77,1,2.37,1.18357
31,Filler_4,77,1,2.04,0.02757
32,Filler_4,77,1,2.08,-0.06309
33,Filler_4,77,1,1.88,0.02404
34,Filler_4,77,1,2.36,-0.57066
41,Filler_4,77,1,2.46,1.20993
42,Filler_4,77,1,1.75,-0.01692
43,Filler_4,77,1,2.56,0.46112
44,Filler_4,77,1,2.25,-0.08010
51,Filler_4,77,1,5.50,0.18134
52,Filler_4,77,1,2.63,0.38617
53,Filler_4,77,1,1.99,0.41465
54,Filler_4,77,1,2.04,0.24380
61,Filler_4,77,0,1.97,0.19346
62,Filler_4,77,1,2.24,0.45117
63,Filler_4,77,1,1.99,0.20800
64,Filler_4,77,1,1.88,-0.06738
71,Filler_4,77,0,2.34,-0.05966
72,Filler_4,77,1,1.76,-0.23031
73,Filler_4,77,1,2.02,0.16745
74,Filler_4,77,1,4.72,1.00894
81,Filler_4,77,0,4.18,0.31703
82,Filler_4,77,1,2.78,0.06126
83,Filler_4,77,1,1.44,0.24381
11,Filler_4,78,1,3.86,0.16309
12,Filler_4,78,1,1.99,0.25356
13,Filler_4,78,0,2.70,1.05689
14,Filler_4,78,1,2.18,1.02901
21,Filler_4,78,1,2.66,0.59985
22,Filler_4,78,1,3.32,0.95970
23,Filler_4,78,1,2.57,0.72291
24,Filler_4,78,1,1.52,0.20798
31,Filler_4,78,1,1.77,0.90741
32,Filler_4,78,1,1.67,0.66729
33,Filler_4,78,1,2.10,0.06364
34,Filler_4,78,1,1.73,0.97878
41,Filler_4,78,1,2.28,0.65992
42,Filler_4,78,1,2.33,-0.12056
43,Filler_4,78,1,1.86,0.12882
44,Filler_4,78,1,2.15,1.22404
51,Filler_4,78,1,3.18,0.26602
52,Filler_4,78,1,1.83,-0.06202
53,Filler_4,78,1,2.11,0.55180
54,Filler_4,78,1,2.13,0.11686
61,Filler_4,78,0,2.43,0.99617
62,Filler_4,78,1,1.91,0.31427
63,Filler_4,78,1,2.10,0.29156
64,Filler_4,78,1,2.32,0.05527
71,Filler_4,78,0,2.68,-0.45399
72,Filler_4,78,1,2.15,-0.22307
73,Filler_4,78,1,2.19,-0.40918
74,Filler_4,78,1,2.46,-0.06821
81,Filler_4,78,0,2.00,0.73143
82,Filler_4,78,1,2.26,0.16870
83,Filler_4,78,1,1.90,-0.02855
11,Filler_4,79,1,3.18,0.57249
12,Filler_4,79,1,2.28,-0.06770
13,Filler_4,79,1,3.21,1.03501
14,Filler_4,79,1,1.94,0.75499
21,Filler_4,79,1,2.38,-0.13427
22,Filler_4,79,1,3.00,0.96458
23,Filler_4,79,1,2.49,1.03045
24,Filler_4,79,1,2.67,0.20652
31,Filler_4,79,1,2.72,0.23003
32,Filler_4,79,1,1.84,0.38560
33,Filler_4,79,1,2.77,-0.01630
34,Filler_4,79,1,1.97,1.00913
41,Filler_4,79,0,4.10,-0.27514
42,Filler_4,79,0,4.28,0.99979
43,Filler_4,79,1,2.05,0.33531
44,Filler_4,79,1,2.31,0.23524
51,Filler_4,79,1,5.89,0.83535
52,Filler_4,79,1,2.77,0.60255
53,Filler_4,79,1,2.02,0.21178
54,Filler_4,79,1,2.51,0.25109
61,Filler_4,79,0,1.99,0.88328
62,Filler_4,79,1,2.34,-0.23399
63,Filler_4,79,1,3.92,0.79009
64,Filler_4,79,1,2.57,-0.06478
71,Filler_4,79,0,1.63,0.12824
72,Filler_4,79,1,2.33,0.18293
73,Filler_4,79,1,2.10,0.09900
74,Filler_4,79,1,1.94,0.19574
81,Filler_4,79,0,3.06,0.11277
82,Filler_4,79,1,2.20,0.08894
83,Filler_4,79,1,1.45,0.20233
11,Filler_4,80,1,1.78,0.47910
12,Filler_4,80,1,1.99,-0.10674
13,Filler_4,80,1,2.03,0.16157
14,Filler_4,80,0,2.85,0.04421
21,Filler_4,80,1,2.08,0.14249
22,Filler_4,80,0,2.57,1.19357
23,Filler_4,80,1,2.36,0.21882
24,Filler_4,80,0,3.19,0.58583
31,Filler_4,80,1,1.65,-0.06115
32,Filler_4,80,1,1.65,0.44742
33,Filler_4,80,1,2.38,0.11708
34,Filler_4,80,1,1.67,0.67527
41,Filler_4,80,1,2.45,0.57594
42,Filler_4,80,1,1.75,0.05385
43,Filler_4,80,1,1.70,0.31905
44,Filler_4,80,0,2.79,0.06734
51,Filler_4,80,0,4.39,0.08977
52,Filler_4,80,1,2.19,-0.14208
53,Filler_4,80,1,1.91,0.26473
54,Filler_4,80,1,2.23,0.98438
61,Filler_4,80,0,1.79,0.16889
62,Filler_4,80,1,1.75,0.51124
63,Filler_4,80,1,3.18,0.75615
64,Filler_4,80,1,2.96,0.04213
71,Filler_4,80,0,2.28,0.34471
72,Filler_4,80,0,2.86,0.19504
73,Filler_4,80,1,2.84,-0.15783
74,Filler_4,80,1,2.48,-0.06226
81,Filler_4,80,0,2.08,0.22550
82,Filler_4,80,1,5.92,0.30086
83,Filler_4,80,0,2.37,0.67142
,,,,,
,,,,,
,,,,,
,,,,,
,,,,,
,,,,,
,,,,,
,,,,,
,,,,,
,,,,,
,,,,,
,,,,,
,,,,,
,,,,,
,,,,,
,,,,,
,,,,,
,,,,,
,,,,,
,,,,,
,,,,,
,,,,,
,,,,,
,,,,,
,,,,,
,,,,,
,,,,,
,,,,,
,,,,,
,,,,,
,,,,,
,,,,,
,,,,,
,,,,,
,,,,,
,,,,,
,,,,,
,,,,,
,,,,,
,,,,,
,,,,,
,,,,,
,,,,,
,,,,,
,,,,,
,,,,,
,,,,,
,,,,,
,,,,,
,,,,,
,,,,,
,,,,,
,,,,,
,,,,,
,,,,,
,,,,,
,,,,,
,,,,,
,,,,,
,,,,,
,,,,,
,,,,,
,,,,,
,,,,,
,,,,,
,,,,,
,,,,,
,,,,,
,,,,,
,,,,,
,,,,,
,,,,,
,,,,,
,,,,,
,,,,,
,,,,,
,,,,,
,,,,,
,,,,,
,,,,,
,,,,,
,,,,,
,,,,,
,,,,,
,,,,,
,,,,,
,,,,,
,,,,,
,,,,,
,,,,,
,,,,,
,,,,,
,,,,,
,,,,,
,,,,,
,,,,,
,,,,,
,,,,,
,,,,,
,,,,,
,,,,,
,,,,,
,,,,,
,,,,,
,,,,,
,,,,,
,,,,,
,,,,,
,,,,,
,,,,,
,,,,,
,,,,,
,,,,,
,,,,,
,,,,,
,,,,,
,,,,,
,,,,,
,,,,,
,,,,,
,,,,,
,,,,,
,,,,,
,,,,,
,,,,,
,,,,,
,,,,,
,,,,,
,,,,,
,,,,,
,,,,,
,,,,,
,,,,,
,,,,,
,,,,,
,,,,,
,,,,,
,,,,,
,,,,,
,,,,,
,,,,,
,,,,,
,,,,,
,,,,,
,,,,,
,,,,,
,,,,,
,,,,,
,,,,,
,,,,,
,,,,,
,,,,,
,,,,,
,,,,,
,,,,,
,,,,,
,,,,,
,,,,,
,,,,,
,,,,,
,,,,,
,,,,,
,,,,,
,,,,,
,,,,,
,,,,,
,,,,,
,,,,,
,,,,,
,,,,,
,,,,,
,,,,,
,,,,,
,,,,,
,,,,,
,,,,,
,,,,,
,,,,,
,,,,,
,,,,,
,,,,,
,,,,,
,,,,,
,,,,,
,,,,,
,,,,,
,,,,,
,,,,,
,,,,,
,,,,,
,,,,,
,,,,,
,,,,,
,,,,,
,,,,,
,,,,,
,,,,,
,,,,,
,,,,,
,,,,,
,,,,,
,,,,,
,,,,,
,,,,,
,,,,,
,,,,,
,,,,,
,,,,,
,,,,,
,,,,,
,,,,,
,,,,,
,,,,,
,,,,,
,,,,,
,,,,,
,,,,,
,,,,,
,,,,,
,,,,,
,,,,,
,,,,,
,,,,,
,,,,,
,,,,,
,,,,,
,,,,,
,,,,,
,,,,,
,,,,,
,,,,,
,,,,,
,,,,,
,,,,,
,,,,,
,,,,,
,,,,,
,,,,,
,,,,,
,,,,,
,,,,,
,,,,,
,,,,,
,,,,,
,,,,,
,,,,,
,,,,,
,,,,,
,,,,,
,,,,,
,,,,,
,,,,,
,,,,,
,,,,,
,,,,,
,,,,,
,,,,,
,,,,,
,,,,,
,,,,,
,,,,,
,,,,,
,,,,,
,,,,,
,,,,,
,,,,,
,,,,,
,,,,,
,,,,,
,,,,,
,,,,,
,,,,,
,,,,,
,,,,,
,,,,,
,,,,,
,,,,,
,,,,,
,,,,,
,,,,,
,,,,,
,,,,,
,,,,,
,,,,,
,,,,,
,,,,,
,,,,,
,,,,,
,,,,,
,,,,,
,,,,,
,,,,,
,,,,,
,,,,,
,,,,,
,,,,,
,,,,,
,,,,,
,,,,,
,,,,,
,,,,,
,,,,,
,,,,,
,,,,,
,,,,,
,,,,,
,,,,,
,,,,,
,,,,,
,,,,,
,,,,,
,,,,,
,,,,,
,,,,,
,,,,,
,,,,,
,,,,,
,,,,,
,,,,,
,,,,,
,,,,,
,,,,,
,,,,,
,,,,,
,,,,,
,,,,,
,,,,,
,,,,,
,,,,,
,,,,,
,,,,,
,,,,,
,,,,,
,,,,,
,,,,,
,,,,,
,,,,,
,,,,,
,,,,,
,,,,,
,,,,,
,,,,,
